t1,t2,t3,style,k,theta0_deg,source
*,c'_,*,quadratic,65,120,cvff_auto
*,c3m_,*,quadratic,60,109.5,cvff_auto
*,c4m_,*,quadratic,60,109.5,cvff_auto
*,c=_,*,quadratic,60,120,cvff_auto
*,c_,*,quadratic,60,109.5,cvff_auto
*,cp_,*,quadratic,65,120,cvff_auto
*,ct_,*,quadratic,200,180,cvff_auto
*,n3m_,*,quadratic,80,109,cvff_auto
*,n4m_,*,quadratic,80,109,cvff_auto
*,n_,*,quadratic,50,120,cvff_auto
*,na_,*,quadratic,80,109,cvff_auto
*,np_,*,quadratic,75,120,cvff_auto
*,nt_,*,quadratic,50,180,cvff_auto
*,o_,*,quadratic,60,109.5,cvff_auto
*,oa1,et5,quadratic,80,110,cvff
*,oe1,et5,quadratic,80,110,cvff
*,op_,*,quadratic,75,108,cvff_auto
*,p_,*,quadratic,45,109.5,cvff_auto
*,s3e_,*,quadratic,75,109.5,cvff_auto
*,s4e_,*,quadratic,75,109.5,cvff_auto
*,s_,*,quadratic,50,109.5,cvff_auto
*,si_,*,quadratic,44.399999999999999,113.5,cvff_auto
*,sp_,*,quadratic,120,92.566999999999993,cvff_auto
*1,c'_,si_,quadratic,34.600000000000001,120,cvff_auto
*1,c3m_,si_,quadratic,34.600000000000001,112.3,cvff_auto
*1,c4m_,si_,quadratic,34.600000000000001,112.3,cvff_auto
*1,c=_,si_,quadratic,34.600000000000001,120,cvff_auto
*1,c_,si_,quadratic,34.600000000000001,112.3,cvff_auto
*1,cp_,si_,quadratic,34.600000000000001,120,cvff_auto
*1,n3m_,si_,quadratic,41.600000000000001,109,cvff_auto
*1,n4m_,si_,quadratic,41.600000000000001,109,cvff_auto
*1,n_,si_,quadratic,35,120,cvff_auto
*1,na_,si_,quadratic,41.600000000000001,109,cvff_auto
*1,np_,si_,quadratic,27.5,120,cvff_auto
*1,o_,si_,quadratic,56.399999999999999,124.09999999999999,cvff_auto
*1,op_,si_,quadratic,27.5,106,cvff_auto
*1,p_,si_,quadratic,30,109.5,cvff_auto
*1,s3e_,si_,quadratic,48,109.5,cvff_auto
*1,s4e_,si_,quadratic,48,109.5,cvff_auto
*1,s_,si_,quadratic,48,109.5,cvff_auto
*1,si_,si_,quadratic,33.299999999999997,113.40000000000001,cvff_auto
*1,sp_,si_,quadratic,48,96,cvff_auto
*2,c'_,h_,quadratic,55,110,cvff_auto
*2,c3m_,h_,quadratic,44,109.5,cvff_auto
*2,c4m_,h_,quadratic,44,109.5,cvff_auto
*2,c=_,h_,quadratic,37.5,120,cvff_auto
*2,c_,h_,quadratic,44,109.5,cvff_auto
*2,cp_,h_,quadratic,37,120,cvff_auto
*2,n3m_,f_,quadratic,80,109,cvff_auto
*2,n4m_,f_,quadratic,80,109,cvff_auto
*2,n_,f_,quadratic,50,120,cvff_auto
*2,na_,f_,quadratic,80,109,cvff_auto
*2,np_,f_,quadratic,75,120,cvff_auto
*2,o_,h_,quadratic,58.5,109,cvff_auto
*2,p_,h_,quadratic,45,109.5,cvff_auto
*2,s3e_,h_,quadratic,31.800000000000001,112,cvff_auto
*2,s4e_,h_,quadratic,31.800000000000001,112,cvff_auto
*2,s_,h_,quadratic,31.800000000000001,112,cvff_auto
*2,si_,h_,quadratic,31.800000000000001,112,cvff_auto
*2,sp_,h_,quadratic,48,96,cvff_auto
*3,c'_,f_,quadratic,99,120,cvff_auto
*3,c3m_,f_,quadratic,95,107.8,cvff_auto
*3,c4m_,f_,quadratic,95,107.8,cvff_auto
*3,c=_,f_,quadratic,96,120,cvff_auto
*3,c_,f_,quadratic,95,107.8,cvff_auto
*3,cp_,f_,quadratic,99,120,cvff_auto
*3,n3m_,h_,quadratic,41.600000000000001,110,cvff_auto
*3,n4m_,h_,quadratic,41.600000000000001,110,cvff_auto
*3,n_,h_,quadratic,35,122,cvff_auto
*3,na_,h_,quadratic,41.600000000000001,110,cvff_auto
*3,np_,h_,quadratic,27.5,120,cvff_auto
*3,o_,f_,quadratic,60,109.5,cvff_auto
*3,p_,f_,quadratic,45,109.5,cvff_auto
*3,s3e_,f_,quadratic,75,109.5,cvff_auto
*3,s4e_,f_,quadratic,75,109.5,cvff_auto
*3,s_,f_,quadratic,75,109.5,cvff_auto
*3,si_,f_,quadratic,44.100000000000001,117.3,cvff_auto
*3,sp_,f_,quadratic,126.506,92.566999999999993,cvff_auto
*4,c'_,s'_,quadratic,80,123,cvff_auto
*4,c3m_,s'_,quadratic,62,109.5,cvff_auto
*4,c3m_,s3e_,quadratic,62,109.5,cvff_auto
*4,c3m_,s4e_,quadratic,62,109.5,cvff_auto
*4,c3m_,s_,quadratic,62,109.5,cvff_auto
*4,c4m_,s'_,quadratic,62,109.5,cvff_auto
*4,c4m_,s3e_,quadratic,62,109.5,cvff_auto
*4,c4m_,s4e_,quadratic,62,109.5,cvff_auto
*4,c4m_,s_,quadratic,62,109.5,cvff_auto
*4,c=_,s'_,quadratic,40,120,cvff_auto
*4,c=_,s3e_,quadratic,40,120,cvff_auto
*4,c=_,s4e_,quadratic,40,120,cvff_auto
*4,c=_,s_,quadratic,40,120,cvff_auto
*4,c_,s'_,quadratic,62,109.5,cvff_auto
*4,c_,s3m_,quadratic,62,109.5,cvff_auto
*4,c_,s4m_,quadratic,62,109.5,cvff_auto
*4,c_,s_,quadratic,62,109.5,cvff_auto
*4,cp_,s'_,quadratic,60,120,cvff_auto
*4,cp_,s3e_,quadratic,89,120,cvff_auto
*4,cp_,s4e_,quadratic,89,120,cvff_auto
*4,cp_,s_,quadratic,89,120,cvff_auto
*4,n3m_,s'_,quadratic,80,114,cvff_auto
*4,n4m_,s'_,quadratic,80,114,cvff_auto
*4,n_,s'_,quadratic,70,120,cvff_auto
*4,na_,s'_,quadratic,80,114,cvff_auto
*4,np_,s'_,quadratic,75,120,cvff_auto
*4,np_,s3e_,quadratic,75,120,cvff_auto
*4,np_,s4e_,quadratic,75,120,cvff_auto
*4,np_,s_,quadratic,75,120,cvff_auto
*4,o_,s'_,quadratic,60,109.5,cvff_auto
*4,o_,s3e_,quadratic,60,109.5,cvff_auto
*4,o_,s4e_,quadratic,60,109.5,cvff_auto
*4,o_,s_,quadratic,60,109.5,cvff_auto
*4,p_,s'_,quadratic,100,120,cvff_auto
*4,s3e_,s'_,quadratic,75,109.5,cvff_auto
*4,s3e_,s3e_,quadratic,75,103.5,cvff_auto
*4,s3e_,s4e_,quadratic,75,103.5,cvff_auto
*4,s3e_,s_,quadratic,75,109.5,cvff_auto
*4,s4e_,s'_,quadratic,75,109.5,cvff_auto
*4,s4e_,s3e_,quadratic,75,103.5,cvff_auto
*4,s4e_,s4e_,quadratic,75,103.5,cvff_auto
*4,s4e_,s_,quadratic,75,109.5,cvff_auto
*4,s_,s'_,quadratic,75,109.5,cvff_auto
*4,s_,s3e_,quadratic,75,103.5,cvff_auto
*4,s_,s4e_,quadratic,75,103.5,cvff_auto
*4,s_,s_,quadratic,75,103.5,cvff_auto
*4,si_,s_,quadratic,42.299999999999997,113.09999999999999,cvff_auto
*4,sp_,s'_,quadratic,126.506,92.566999999999993,cvff_auto
*4,sp_,s_,quadratic,126.506,92.566999999999993,cvff_auto
*5,c'_,s3e_,quadratic,40,120,cvff_auto
*5,c'_,s4e_,quadratic,40,120,cvff_auto
*5,c'_,s_,quadratic,40,120,cvff_auto
*5,c3m_,o'_,quadratic,70,109.5,cvff_auto
*5,c3m_,o3e_,quadratic,70,109.5,cvff_auto
*5,c3m_,o4e_,quadratic,70,109.5,cvff_auto
*5,c3m_,o_,quadratic,70,109.5,cvff_auto
*5,c4m_,o'_,quadratic,70,109.5,cvff_auto
*5,c4m_,o3e_,quadratic,70,109.5,cvff_auto
*5,c4m_,o4e_,quadratic,70,109.5,cvff_auto
*5,c4m_,o_,quadratic,70,109.5,cvff_auto
*5,c=_,o'_,quadratic,68,120,cvff_auto
*5,c=_,o_,quadratic,68,120,cvff_auto
*5,c_,o_,quadratic,70,109.5,cvff_auto
*5,cp_,o'_,quadratic,60,120,cvff_auto
*5,cp_,o_,quadratic,60,120,cvff_auto
*5,n3m_,s3e_,quadratic,80,109,cvff_auto
*5,n3m_,s4e_,quadratic,80,109,cvff_auto
*5,n3m_,s_,quadratic,80,109,cvff_auto
*5,n4m_,s3e_,quadratic,80,109,cvff_auto
*5,n4m_,s4e_,quadratic,80,109,cvff_auto
*5,n4m_,s_,quadratic,80,109,cvff_auto
*5,n_,s3e_,quadratic,50,120,cvff_auto
*5,n_,s4e_,quadratic,50,120,cvff_auto
*5,n_,s_,quadratic,50,120,cvff_auto
*5,na_,s3e_,quadratic,80,109,cvff_auto
*5,na_,s4e_,quadratic,80,109,cvff_auto
*5,na_,s_,quadratic,80,109,cvff_auto
*5,np_,o'_,quadratic,75,120,cvff_auto
*5,np_,o_,quadratic,75,120,cvff_auto
*5,o_,o'_,quadratic,60,109.5,cvff_auto
*5,o_,o_,quadratic,60,109.5,cvff_auto
*5,p_,s_,quadratic,45,109.5,cvff_auto
*5,s3e_,o'_,quadratic,42.299999999999997,113.09999999999999,cvff_auto
*5,s3e_,o_,quadratic,42.299999999999997,113.09999999999999,cvff_auto
*5,s4e_,o'_,quadratic,42.299999999999997,113.09999999999999,cvff_auto
*5,s4e_,o_,quadratic,42.299999999999997,113.09999999999999,cvff_auto
*5,s_,o'_,quadratic,42.299999999999997,113.09999999999999,cvff_auto
*5,s_,o_,quadratic,42.299999999999997,113.09999999999999,cvff_auto
*5,si_,o_,quadratic,42.299999999999997,113.09999999999999,cvff_auto
*5,sp_,o'_,quadratic,126.506,92.566999999999993,cvff_auto
*5,sp_,o_,quadratic,126.506,92.566999999999993,cvff_auto
*6,c'_,o'_,quadratic,68,120,cvff_auto
*6,c3m_,n3m_,quadratic,50,109.5,cvff_auto
*6,c3m_,n4m_,quadratic,50,109.5,cvff_auto
*6,c3m_,n_,quadratic,50,109.5,cvff_auto
*6,c4m_,n3m_,quadratic,50,109.5,cvff_auto
*6,c4m_,n4m_,quadratic,50,109.5,cvff_auto
*6,c4m_,n_,quadratic,50,109.5,cvff_auto
*6,c=_,n3m_,quadratic,90,120,cvff_auto
*6,c=_,n4m_,quadratic,90,120,cvff_auto
*6,c=_,n_,quadratic,90,120,cvff_auto
*6,c_,n3m_,quadratic,50,109.5,cvff_auto
*6,c_,n4m_,quadratic,50,109.5,cvff_auto
*6,c_,n_,quadratic,50,109.5,cvff_auto
*6,cp_,n3m_,quadratic,102,120,cvff_auto
*6,cp_,n4m_,quadratic,102,120,cvff_auto
*6,cp_,n_,quadratic,102,120,cvff_auto
*6,n3m_,o'_,quadratic,80,114,cvff_auto
*6,n4m_,o'_,quadratic,80,114,cvff_auto
*6,n_,o'_,quadratic,80,120,cvff_auto
*6,na_,o'_,quadratic,80,114,cvff_auto
*6,np_,n_,quadratic,75,120,cvff_auto
*6,o_,n3m_,quadratic,72,120,cvff_auto
*6,o_,n4m_,quadratic,72,120.001,cvff_auto
*6,o_,n_,quadratic,72,120,cvff_auto
*6,p_,o'_,quadratic,110,120,cvff_auto
*6,s3e_,n3m_,quadratic,42.299999999999997,113.09999999999999,cvff_auto
*6,s3e_,n4m_,quadratic,42.299999999999997,113.09999999999999,cvff_auto
*6,s3e_,n_,quadratic,42.299999999999997,113.09999999999999,cvff_auto
*6,s4e_,n3m_,quadratic,42.299999999999997,113.09999999999999,cvff_auto
*6,s4e_,n4m_,quadratic,42.299999999999997,113.09999999999999,cvff_auto
*6,s4e_,n_,quadratic,42.299999999999997,113.09999999999999,cvff_auto
*6,s_,n3m_,quadratic,42.299999999999997,113.09999999999999,cvff_auto
*6,s_,n4m_,quadratic,42.299999999999997,113.09999999999999,cvff_auto
*6,s_,n_,quadratic,42.299999999999997,113.09999999999999,cvff_auto
*6,si_,n_,quadratic,44.399999999999999,113.5,cvff_auto
*6,sp_,n_,quadratic,126.506,92.566999999999993,cvff_auto
*7,c'_,o_,quadratic,122,110,cvff_auto
*7,c3m_,c3m_,quadratic,46,109.5,cvff_auto
*7,c3m_,c4m_,quadratic,46,109.5,cvff_auto
*7,c3m_,c_,quadratic,46,109.5,cvff_auto
*7,c4m_,c3m_,quadratic,46,109.5,cvff_auto
*7,c4m_,c4m_,quadratic,46,109.5,cvff_auto
*7,c4m_,c_,quadratic,46,109.5,cvff_auto
*7,c=_,c3m_,quadratic,36.200000000000003,120,cvff_auto
*7,c=_,c4m_,quadratic,36.200000000000003,120,cvff_auto
*7,c=_,c_,quadratic,36.200000000000003,120,cvff_auto
*7,c_,c3m_,quadratic,46,109.5,cvff_auto
*7,c_,c4m_,quadratic,46,109.5,cvff_auto
*7,c_,c_,quadratic,46,109.5,cvff_auto
*7,cp_,c3m_,quadratic,80,120,cvff_auto
*7,cp_,c4m_,quadratic,80,120,cvff_auto
*7,cp_,c_,quadratic,80,120,cvff_auto
*7,n3m_,o_,quadratic,80,109,cvff_auto
*7,n4m_,o_,quadratic,80,109,cvff_auto
*7,n_,o_,quadratic,50,120,cvff_auto
*7,na_,o_,quadratic,80,109,cvff_auto
*7,np_,c3m_,quadratic,75,120,cvff_auto
*7,np_,c4m_,quadratic,75,120,cvff_auto
*7,np_,c_,quadratic,75,120,cvff_auto
*7,o_,c3m_,quadratic,60,109.5,cvff_auto
*7,o_,c4m_,quadratic,60,109.5,cvff_auto
*7,o_,c_,quadratic,60,109.5,cvff_auto
*7,p_,o_,quadratic,45,109.5,cvff_auto
*7,s3e_,c3m_,quadratic,58,99,cvff_auto
*7,s3e_,c4m_,quadratic,58,99,cvff_auto
*7,s3e_,c_,quadratic,58,99,cvff_auto
*7,s4e_,c3m_,quadratic,58,99,cvff_auto
*7,s4e_,c4m_,quadratic,58,99,cvff_auto
*7,s4e_,c_,quadratic,58,99,cvff_auto
*7,s_,c3m_,quadratic,58,99,cvff_auto
*7,s_,c4m_,quadratic,58,99,cvff_auto
*7,s_,c_,quadratic,58,102,cvff_auto
*7,si_,c3m_,quadratic,44.399999999999999,113.5,cvff_auto
*7,si_,c4m_,quadratic,44.399999999999999,113.5,cvff_auto
*7,si_,c_,quadratic,44.399999999999999,113.5,cvff_auto
*7,sp_,c3m_,quadratic,126.506,92.566999999999993,cvff_auto
*7,sp_,c4m_,quadratic,126.506,92.566999999999993,cvff_auto
*7,sp_,c_,quadratic,126.506,92.566999999999993,cvff_auto
*8,c'_,n3m_,quadratic,53.5,120,cvff_auto
*8,c'_,n4m_,quadratic,53.5,120,cvff_auto
*8,c'_,n_,quadratic,53.5,120,cvff_auto
*8,n3m_,n3m_,quadratic,80,109,cvff_auto
*8,n3m_,n4m_,quadratic,80,109,cvff_auto
*8,n3m_,n_,quadratic,80,109,cvff_auto
*8,n4m_,n3m_,quadratic,80,109,cvff_auto
*8,n4m_,n4m_,quadratic,80,109,cvff_auto
*8,n4m_,n_,quadratic,80,109,cvff_auto
*8,n_,n_,quadratic,50,120,cvff_auto
*8,na_,n3m_,quadratic,80,109,cvff_auto
*8,na_,n4m_,quadratic,80,109,cvff_auto
*8,na_,n_,quadratic,80,109,cvff_auto
*8,p_,n_,quadratic,45,109.5,cvff_auto
*9,c'_,c3m_,quadratic,40,120,cvff_auto
*9,c'_,c4m_,quadratic,40,120,cvff_auto
*9,c'_,c_,quadratic,40,120,cvff_auto
*9,n3m_,c_,quadratic,80,114,cvff_auto
*9,n4m_,c_,quadratic,80,110,cvff_auto
*9,n_,c3m_,quadratic,50,120,cvff_auto
*9,n_,c4m_,quadratic,50,120,cvff_auto
*9,n_,c_,quadratic,50,120,cvff_auto
*9,na_,c3m_,quadratic,80,109,cvff_auto
*9,na_,c4m_,quadratic,80,109,cvff_auto
*9,na_,c_,quadratic,80,109,cvff_auto
*9,p_,c3m_,quadratic,45,109.5,cvff_auto
*9,p_,c4m_,quadratic,45,109.5,cvff_auto
*9,p_,c_,quadratic,45,109.5,cvff_auto
ac1,oc3,ac1,quadratic,110,156.69999999999999,cvff
ac1,oc4,hoc,quadratic,40,115,cvff
al,oz,al,quadratic,31.100000000000001,149.80000000000001,cvff
al,oz,sz,quadratic,31.100000000000001,149.80000000000001,cvff
al,si,si,quadratic,5,109.47,cvff
ay1,oy4,ay2,quadratic,170,101.59999999999999,cvff
ay1,oy4,hok,quadratic,45,126,cvff
ay1,oy4,sy1,quadratic,170,127.5,cvff
ay1,oy5,ay2,quadratic,170,101.59999999999999,cvff
ay1,oy5,hok,quadratic,45,126,cvff
ay1,oy5,sy2,quadratic,170,123.8,cvff
ay1,oy6,ay2,quadratic,170,103,cvff
ay1,oy6,hok,quadratic,45,126,cvff
ay1,oy6,hoy,quadratic,45,126,cvff
ay1,oy7,ay2,quadratic,170,101.59999999999999,cvff
ay1,oy7,sy1,quadratic,170,123.7,cvff
ay1,oy8,ay2,quadratic,170,101.59999999999999,cvff
ay1,oy8,sy2,quadratic,170,127.2,cvff
ay1,oy9,ay2,quadratic,170,103,cvff
ay1,oy9,hoy,quadratic,45,126,cvff
ay2,oy4,hok,quadratic,45,126,cvff
ay2,oy4,sy1,quadratic,170,123.7,cvff
ay2,oy5,hok,quadratic,45,126,cvff
ay2,oy5,sy2,quadratic,170,127.2,cvff
ay2,oy6,hok,quadratic,45,126,cvff
ay2,oy6,hoy,quadratic,45,126,cvff
ay2,oy7,sy1,quadratic,170,127.5,cvff
ay2,oy8,sy2,quadratic,170,123.8,cvff
ay2,oy9,hoy,quadratic,45,126,cvff
ayt1,oc23,hoy,quadratic,50,115,cvff
ayt2,oc23,hoy,quadratic,50,115,cvff
az,oz,az,quadratic,31.100000000000001,149.80000000000001,cvff
az,oz,ho,quadratic,33.299999999999997,113.40000000000001,cvff
az,sz,sz,quadratic,5,109.47,cvff
br,c,c,quadratic,96,107.8,cvff
br,c,h,quadratic,56,107.09999999999999,cvff
br,cp,cp,quadratic,96,120,cvff
c,c,c,quadratic,46.600000000000001,110.5,cvff
c,c,c',quadratic,46.600000000000001,110.5,cvff
c,c,c5,quadratic,46.600000000000001,110.5,cvff
c,c,cl,quadratic,85,107.8,cvff
c,c,cp,quadratic,46.600000000000001,110.5,cvff
c,c,f,quadratic,99,107.8,cvff
c,c,h,quadratic,44.399999999999999,110,cvff
c,c,n,quadratic,50,109.5,cvff
c,c,n3,quadratic,50,109.5,cvff
c,c,np,quadratic,80,109.5,cvff
c,c,o,quadratic,70,109.5,cvff
c,c,s,quadratic,62,109,cvff
c,c,sh,quadratic,62,109,cvff
c,c',c,quadratic,40,120,cvff
c,c',n,quadratic,53.5,114.09999999999999,cvff
c,c',o,quadratic,122.8,110,cvff
c,c',o',quadratic,68,120,cvff
c,c',o-,quadratic,68,120,cvff
c,c',s',quadratic,40,120,cvff
c,c5,c5,quadratic,44.200000000000003,120,cvff
c,c5,np,quadratic,50,120,cvff
c,c=,c',quadratic,50,120,cvff
c,c=,c=,quadratic,36.200000000000003,122.3,cvff
c,c=,c=1,quadratic,36.200000000000003,122.3,cvff
c,c=,c=2,quadratic,36.200000000000003,122.3,cvff
c,c=,h,quadratic,37.5,120,cvff
c,c=1,c',quadratic,50,120,cvff
c,c=1,c=,quadratic,36.200000000000003,122.3,cvff
c,c=1,c=1,quadratic,36.200000000000003,122.3,cvff
c,c=1,c=2,quadratic,36.200000000000003,122.3,cvff
c,c=1,h,quadratic,37.5,120,cvff
c,c=2,c',quadratic,50,120,cvff
c,c=2,c=,quadratic,36.200000000000003,122.3,cvff
c,c=2,c=1,quadratic,36.200000000000003,122.3,cvff
c,c=2,c=2,quadratic,36.200000000000003,122.3,cvff
c,c=2,h,quadratic,37.5,120,cvff
c,cp,cp,quadratic,44.200000000000003,120,cvff
c,n,c,quadratic,37,120,cvff
c,n,c',quadratic,111,118,cvff
c,n,hn,quadratic,35,122,cvff
c,n3,c,quadratic,86.299999999999997,112,cvff
c,n3,hn,quadratic,41.600000000000001,110,cvff
c,np,c5,quadratic,70,128.80000000000001,cvff
c,np,c=,quadratic,50,120,cvff
c,np,c=1,quadratic,50,120,cvff
c,np,c=2,quadratic,50,120,cvff
c,nt,nt,quadratic,50,180,cvff
c,o,c,quadratic,60,109.5,cvff
c,o,c',quadratic,60,109.5,cvff
c,o,cp,quadratic,50,109.5,cvff
c,o,ho,quadratic,58.5,106,cvff
c,o,p,quadratic,72,120,cvff
c,o,si,quadratic,56.399999999999999,124.09999999999999,cvff
c,s,c,quadratic,58,99,cvff
c,s,s,quadratic,75,109.5,cvff
c,sh,hs,quadratic,48,96,cvff
c,si,c,quadratic,44.399999999999999,113.5,cvff
c,si,h,quadratic,32.700000000000003,109.09999999999999,cvff
c,si,o,quadratic,44.100000000000001,117.3,cvff
c',c,c=,quadratic,46.600000000000001,110.5,cvff
c',c,c=1,quadratic,46.600000000000001,110.5,cvff
c',c,c=2,quadratic,46.600000000000001,110.5,cvff
c',c,h,quadratic,45,109.5,cvff
c',c,n,quadratic,50,109.5,cvff
c',c,n3,quadratic,50,109.5,cvff
c',c=,c=,quadratic,36.200000000000003,122.3,cvff
c',c=,c=1,quadratic,36.200000000000003,122.3,cvff
c',c=,c=2,quadratic,36.200000000000003,122.3,cvff
c',c=1,c=,quadratic,36.200000000000003,122.3,cvff
c',c=1,c=1,quadratic,36.200000000000003,122.3,cvff
c',c=1,c=2,quadratic,36.200000000000003,122.3,cvff
c',c=2,c=,quadratic,36.200000000000003,122.3,cvff
c',c=2,c=1,quadratic,36.200000000000003,122.3,cvff
c',c=2,c=2,quadratic,36.200000000000003,122.3,cvff
c',cp,cp,quadratic,34.679900000000004,120,cvff
c',n,hn,quadratic,37.5,115,cvff
c',o,ho,quadratic,50,112,cvff
c3m_,c3m_,c3m_,quadratic,46,60,cvff_auto
c3m_,c3m_,n3m_,quadratic,50,60,cvff_auto
c3m_,c3m_,n_,quadratic,50,112,cvff_auto
c3m_,c3m_,o3e_,quadratic,70,60,cvff_auto
c3m_,c3m_,s3e_,quadratic,62,60,cvff_auto
c3m_,c4m_,n_,quadratic,50,112,cvff_auto
c3m_,c_,n_,quadratic,50,114,cvff_auto
c3m_,n3m_,c3m_,quadratic,80,60,cvff_auto
c3m_,n3m_,c_,quadratic,80,113,cvff_auto
c3m_,n3m_,h_,quadratic,41.600000000000001,110,cvff_auto
c3m_,o3e_,c3m_,quadratic,60,58.957999999999998,cvff_auto
c3m_,s3e_,c3m_,quadratic,58,44.5,cvff_auto
c4m_,c3m_,n_,quadratic,50,112,cvff_auto
c4m_,c4m_,c4m_,quadratic,46,95,cvff_auto
c4m_,c4m_,n4m_,quadratic,50,88.340000000000003,cvff_auto
c4m_,c4m_,n_,quadratic,50,112,cvff_auto
c4m_,c4m_,o4e_,quadratic,70,91.840000000000003,cvff_auto
c4m_,c4m_,o_,quadratic,46,121,cvff_auto
c4m_,c4m_,s4e_,quadratic,62,94.590000000000003,cvff_auto
c4m_,c_,n_,quadratic,50,114,cvff_auto
c4m_,n4m_,c4m_,quadratic,80,91.379999999999995,cvff_auto
c4m_,n4m_,h_,quadratic,41.600000000000001,110,cvff_auto
c4m_,o4e_,c4m_,quadratic,60,91.736999999999995,cvff_auto
c4m_,s4e_,c4m_,quadratic,58,85.920000000000002,cvff_auto
c5,c,h,quadratic,44.399999999999999,110,cvff
c5,c5,c5,quadratic,90,120,cvff
c5,c5,cp,quadratic,90,120,cvff
c5,c5,cs,quadratic,70,112.7,cvff
c5,c5,h,quadratic,37,120,cvff
c5,c5,np,quadratic,90,120,cvff
c5,cp,cp,quadratic,90,120,cvff
c5,cp,h,quadratic,37,120,cvff
c5,cp,n,quadratic,102,120,cvff
c5,cp,np,quadratic,90,120,cvff
c5,cs,h,quadratic,30,124,cvff
c5,cs,sp,quadratic,88.759500000000003,111.039,cvff
c5,np,c5,quadratic,75.099999999999994,114,cvff
c5,np,cp,quadratic,75.099999999999994,114,cvff
c5,np,hn,quadratic,27.5,120,cvff
c5,op,c5,quadratic,75,120,cvff
c=,c,c=,quadratic,46.600000000000001,110.5,cvff
c=,c,c=1,quadratic,46.600000000000001,110.5,cvff
c=,c,c=2,quadratic,46.600000000000001,110.5,cvff
c=,c,h,quadratic,44.399999999999999,110,cvff
c=,c',n,quadratic,53.5,114.09999999999999,cvff
c=,c',o',quadratic,50,120,cvff
c=,c=,h,quadratic,33.799999999999997,121.2,cvff
c=,c=,np,quadratic,90,120,cvff
c=,c=1,h,quadratic,33.799999999999997,121.2,cvff
c=,c=1,np,quadratic,90,120,cvff
c=,c=2,h,quadratic,33.799999999999997,121.2,cvff
c=,c=2,np,quadratic,90,120,cvff
c=,np,c=,quadratic,75.099999999999994,114,cvff
c=,np,c=1,quadratic,75.099999999999994,114,cvff
c=,np,c=2,quadratic,75.099999999999994,114,cvff
c=1,c,c=1,quadratic,46.600000000000001,110.5,cvff
c=1,c,c=2,quadratic,46.600000000000001,110.5,cvff
c=1,c,h,quadratic,44.399999999999999,110,cvff
c=1,c',n,quadratic,53.5,114.09999999999999,cvff
c=1,c',o',quadratic,50,120,cvff
c=1,c=,h,quadratic,33.799999999999997,121.2,cvff
c=1,c=,np,quadratic,90,120,cvff
c=1,c=1,h,quadratic,33.799999999999997,121.2,cvff
c=1,c=1,np,quadratic,90,120,cvff
c=1,c=2,h,quadratic,33.799999999999997,121.2,cvff
c=1,c=2,np,quadratic,90,120,cvff
c=1,np,c=1,quadratic,75.099999999999994,114,cvff
c=1,np,c=2,quadratic,75.099999999999994,114,cvff
c=2,c,c=2,quadratic,46.600000000000001,110.5,cvff
c=2,c,h,quadratic,44.399999999999999,110,cvff
c=2,c',n,quadratic,53.5,114.09999999999999,cvff
c=2,c',o',quadratic,50,120,cvff
c=2,c=,h,quadratic,33.799999999999997,121.2,cvff
c=2,c=,np,quadratic,90,120,cvff
c=2,c=1,h,quadratic,33.799999999999997,121.2,cvff
c=2,c=1,np,quadratic,90,120,cvff
c=2,c=2,h,quadratic,33.799999999999997,121.2,cvff
c=2,c=2,np,quadratic,90,120,cvff
c=2,np,c=2,quadratic,75.099999999999994,114,cvff
c_,c'_,c_,quadratic,40,115,cvff_auto
c_,c'_,n3m_,quadratic,82,114,cvff_auto
c_,c'_,n4m_,quadratic,82,114,cvff_auto
c_,c'_,n_,quadratic,82,114,cvff_auto
c_,c3m_,n_,quadratic,50,112,cvff_auto
c_,c4m_,n_,quadratic,50,112,cvff_auto
c_,c_,n3m_,quadratic,50,114,cvff_auto
c_,c_,n4m_,quadratic,50,114,cvff_auto
c_,c_,n_,quadratic,50,114,cvff_auto
c_,c_,o_,quadratic,46,110.5,cvff_auto
c_,c_,s_,quadratic,46,115,cvff_auto
c_,cp_,s_,quadratic,89,114,cvff_auto
ce1,ce1,he1,quadratic,44.399999999999999,110,cvff
ce1,ce1,oa1,quadratic,70,109.5,cvff
ce1,ce1,oe1,quadratic,70,109.5,cvff
ce1,oa1,ha1,quadratic,58.5,106,cvff
ce1,oa1,ht5,quadratic,58.5,106,cvff
ce1,oe1,ce1,quadratic,60,107,cvff
cl,c,h,quadratic,67,107.09999999999999,cvff
cl,cp,cp,quadratic,85,120,cvff
cp,c,cp,quadratic,46.600000000000001,110.5,cvff
cp,c,h,quadratic,44.399999999999999,110,cvff
cp,c',o,quadratic,54.494900000000001,120,cvff
cp,c',o',quadratic,54.494900000000001,120,cvff
cp,c5,np,quadratic,90,120,cvff
cp,cp,cp,quadratic,90,120,cvff
cp,cp,f,quadratic,99,120,cvff
cp,cp,h,quadratic,37,120,cvff
cp,cp,n,quadratic,102,120,cvff
cp,cp,no,quadratic,34.679900000000004,120,cvff
cp,cp,np,quadratic,90,120,cvff
cp,cp,o,quadratic,60,120,cvff
cp,n,hn,quadratic,37.5,115,cvff
cp,no,o-,quadratic,54.494900000000001,120,cvff
cp,np,cp,quadratic,75.099999999999994,114,cvff
cp,np,hn,quadratic,27.5,120,cvff
cp,nt,nt,quadratic,50,180,cvff
cp,o,ho,quadratic,50,109,cvff
cs,c5,h,quadratic,30,124,cvff
cs,sp,cs,quadratic,126.506,92.566999999999993,cvff
et5,ot5,et5,quadratic,80,109.47,cvff
et5,ot5,ht5,quadratic,80,110.68000000000001,cvff
f,c,h,quadratic,62,107.09999999999999,cvff
f,sz,f,quadratic,42.299999999999997,113.09999999999999,cvff
f,sz,oz,quadratic,42.299999999999997,113.09999999999999,cvff
f,sz,sz,quadratic,42.299999999999997,113.09999999999999,cvff
f_,c3m_,h_,quadratic,62,107.09999999999999,cvff_auto
f_,c4m_,h_,quadratic,62,107.09999999999999,cvff_auto
f_,c_,h_,quadratic,62,107.09999999999999,cvff_auto
h,al,h,quadratic,31.800000000000001,112,cvff
h,al,o,quadratic,33.299999999999997,113.40000000000001,cvff
h,al,oz,quadratic,33.299999999999997,113.40000000000001,cvff
h,az,h,quadratic,31.800000000000001,112,cvff
h,az,o,quadratic,33.299999999999997,113.40000000000001,cvff
h,az,oz,quadratic,33.299999999999997,113.40000000000001,cvff
h,c,h,quadratic,39.5,106.40000000000001,cvff
h,c,n,quadratic,51.5,109.5,cvff
h,c,n3,quadratic,57.299999999999997,109.5,cvff
h,c,np,quadratic,80,109.5,cvff
h,c,o,quadratic,57,109.5,cvff
h,c,s,quadratic,45,109,cvff
h,c,sh,quadratic,45,109,cvff
h,c,si,quadratic,34.600000000000001,112.3,cvff
h,c',h,quadratic,26.390000000000001,117.02,cvff
h,c',n,quadratic,45,120,cvff
h,c',o,quadratic,55,110,cvff
h,c',o',quadratic,55,120,cvff
h,c',o-,quadratic,55,120,cvff
h,c',s',quadratic,40.936,121.63,cvff
h,c5,np,quadratic,40,120,cvff
h,c=,np,quadratic,40,120,cvff
h,c=1,np,quadratic,40,120,cvff
h,c=2,np,quadratic,40,120,cvff
h,cp,np,quadratic,50,120,cvff
h,cs,sp,quadratic,30.272300000000001,119.90000000000001,cvff
h,p,o-,quadratic,80,109.5,cvff
h,si,h,quadratic,31.800000000000001,112,cvff
h,si,o,quadratic,33.299999999999997,113.40000000000001,cvff
h,sz,h,quadratic,31.800000000000001,112,cvff
h,sz,oz,quadratic,33.299999999999997,113.40000000000001,cvff
h*,o*,h*,quadratic,50,104.5,cvff
h_,c'_,h_,quadratic,26.390000000000001,117.02,cvff_auto
h_,c'_,o'_,quadratic,55,120,cvff_auto
h_,o*_,h_,quadratic,50,104.5,cvff_auto
he1,ce1,he1,quadratic,39.5,106.40000000000001,cvff
he1,ce1,oa1,quadratic,57,109.5,cvff
he1,ce1,oe1,quadratic,57,109.5,cvff
hn,n,hn,quadratic,33,125,cvff
hn,n3,hn,quadratic,36,105.5,cvff
ho,oz,sz,quadratic,33.299999999999997,113.40000000000001,cvff
hop,oap1,pap,quadratic,50,115,cvff
hoy,oc23,sc4,quadratic,50,115,cvff
hoy,oc23,sy1,quadratic,50,115,cvff
hoy,oc23,sy2,quadratic,50,115,cvff
hspc,ospc,hspc,quadratic,50,109.47,cvff
ht5,ot5,ht5,quadratic,50,104.52,cvff
htip,otip,htip,quadratic,50,104.52,cvff
n,c',n,quadratic,102,120,cvff
n,c',o',quadratic,68,120,cvff
n,cp,np,quadratic,102,120,cvff
n3m_,c'_,o'_,quadratic,145,125,cvff_auto
n3m_,c3m_,n3m_,quadratic,50,60,cvff_auto
n4m_,c'_,o'_,quadratic,145,123,cvff_auto
n4m_,c4m_,n4m_,quadratic,50,88.400000000000006,cvff_auto
n4m_,c4m_,o4m_,quadratic,70,90,cvff_auto
n4m_,c4m_,s4m_,quadratic,62,89,cvff_auto
n_,c'_,n_,quadratic,102,120,cvff_auto
n_,c'_,o'_,quadratic,145,123,cvff_auto
np,c,o,quadratic,80,109.5,cvff
np,c5,np,quadratic,102,134,cvff
np,cp,np,quadratic,102,134,cvff
o,al,o,quadratic,42.299999999999997,113.09999999999999,cvff
o,az,o,quadratic,42.299999999999997,109.47,cvff
o,c,o,quadratic,70,109.5,cvff
o,c',o',quadratic,145,123,cvff
o,p,o,quadratic,110,109.5,cvff
o,p,o',quadratic,110,109.5,cvff
o,p,o-,quadratic,110,109.5,cvff
o,si,o,quadratic,42.299999999999997,113.09999999999999,cvff
o',p,o',quadratic,110,109.5,cvff
o'_,c'_,o_,quadratic,145,123,cvff_auto
o-,c',o-,quadratic,145,123,cvff
o-,no,o-,quadratic,113.5731,120,cvff
o-,p,o-,quadratic,110,109.5,cvff
o4e_,c4m_,o4e_,quadratic,70,90,cvff_auto
o4e_,c4m_,s4e_,quadratic,70,89,cvff_auto
oap1,pap,oap1,quadratic,125,109.47,cvff
oc1,sc1,oc1,quadratic,160,109.5,cvff
oc23,ayt1,oc23,quadratic,100,109.5,cvff
oc23,ayt1,oy1,quadratic,100,109.5,cvff
oc23,ayt1,oy2,quadratic,100,109.5,cvff
oc23,ayt1,oy3,quadratic,100,109.5,cvff
oc23,ayt1,oy4,quadratic,100,109.5,cvff
oc23,ayt1,oy7,quadratic,100,109.5,cvff
oc23,ayt2,oc23,quadratic,100,109.5,cvff
oc23,ayt2,oy1,quadratic,100,109.5,cvff
oc23,ayt2,oy2,quadratic,100,109.5,cvff
oc23,ayt2,oy3,quadratic,100,109.5,cvff
oc23,ayt2,oy5,quadratic,100,109.5,cvff
oc23,ayt2,oy8,quadratic,100,109.5,cvff
oc23,sc4,oc23,quadratic,100,109.5,cvff
oc23,sy1,oc23,quadratic,100,109.5,cvff
oc23,sy1,oy1,quadratic,100,109.5,cvff
oc23,sy1,oy2,quadratic,100,109.5,cvff
oc23,sy1,oy3,quadratic,100,109.5,cvff
oc23,sy1,oy4,quadratic,100,109.5,cvff
oc23,sy1,oy7,quadratic,100,109.5,cvff
oc23,sy2,oc23,quadratic,100,109.5,cvff
oc23,sy2,oy1,quadratic,100,109.5,cvff
oc23,sy2,oy2,quadratic,100,109.5,cvff
oc23,sy2,oy3,quadratic,100,109.5,cvff
oc23,sy2,oy5,quadratic,100,109.5,cvff
oc23,sy2,oy8,quadratic,100,109.5,cvff
oc3,ac1,oc3,quadratic,110,111.5,cvff
oc3,ac1,oc4,quadratic,110,105,cvff
oc4,ac1,oc4,quadratic,110,121,cvff
oy1,sy1,oy2,quadratic,170,110,cvff
oy1,sy1,oy3,quadratic,170,107,cvff
oy1,sy1,oy4,quadratic,170,110,cvff
oy1,sy1,oy7,quadratic,170,110,cvff
oy1,sy2,oy2,quadratic,170,107,cvff
oy1,sy2,oy3,quadratic,170,107.3,cvff
oy1,sy2,oy5,quadratic,170,110.2,cvff
oy1,sy2,oy8,quadratic,170,110.2,cvff
oy2,sy1,oy3,quadratic,170,106.7,cvff
oy2,sy1,oy4,quadratic,170,112.5,cvff
oy2,sy1,oy7,quadratic,170,112.5,cvff
oy2,sy2,oy3,quadratic,170,109.59999999999999,cvff
oy2,sy2,oy5,quadratic,170,112.2,cvff
oy2,sy2,oy8,quadratic,170,112.2,cvff
oy3,sy1,oy4,quadratic,170,110.3,cvff
oy3,sy1,oy7,quadratic,170,110.3,cvff
oy3,sy2,oy5,quadratic,170,110.40000000000001,cvff
oy3,sy2,oy8,quadratic,170,110.40000000000001,cvff
oy4,ay1,oy5,quadratic,170,92.799999999999997,cvff
oy4,ay1,oy6,quadratic,170,92.700000000000003,cvff
oy4,ay1,oy7,quadratic,170,78.400000000000006,cvff
oy4,ay1,oy8,quadratic,170,98.200000000000003,cvff
oy4,ay1,oy9,quadratic,170,167.09999999999999,cvff
oy4,ay2,oy5,quadratic,170,92.900000000000006,cvff
oy4,ay2,oy6,quadratic,170,94.700000000000003,cvff
oy4,ay2,oy7,quadratic,170,78.400000000000006,cvff
oy4,ay2,oy8,quadratic,170,166.69999999999999,cvff
oy4,ay2,oy9,quadratic,170,95.599999999999994,cvff
oy5,ay1,oy6,quadratic,170,94.799999999999997,cvff
oy5,ay1,oy7,quadratic,170,166.69999999999999,cvff
oy5,ay1,oy8,quadratic,170,78.400000000000006,cvff
oy5,ay1,oy9,quadratic,170,95.799999999999997,cvff
oy5,ay2,oy6,quadratic,170,92.900000000000006,cvff
oy5,ay2,oy7,quadratic,170,98.200000000000003,cvff
oy5,ay2,oy8,quadratic,170,78.400000000000006,cvff
oy5,ay2,oy9,quadratic,170,167.30000000000001,cvff
oy6,ay1,oy7,quadratic,170,95.599999999999994,cvff
oy6,ay1,oy8,quadratic,170,167.30000000000001,cvff
oy6,ay1,oy9,quadratic,170,77,cvff
oy6,ay2,oy7,quadratic,170,167.09999999999999,cvff
oy6,ay2,oy8,quadratic,170,95.799999999999997,cvff
oy6,ay2,oy9,quadratic,170,77,cvff
oy7,ay1,oy8,quadratic,170,92.900000000000006,cvff
oy7,ay1,oy9,quadratic,170,94.700000000000003,cvff
oy7,ay2,oy8,quadratic,170,92.799999999999997,cvff
oy7,ay2,oy9,quadratic,170,92.700000000000003,cvff
oy8,ay1,oy9,quadratic,170,92.900000000000006,cvff
oy8,ay2,oy9,quadratic,170,94.799999999999997,cvff
oz,al,oz,quadratic,100.3,109.47,cvff
oz,az,oz,quadratic,100.3,109.47,cvff
oz,sz,oz,quadratic,100.3,109.47,cvff
p,o,p,quadratic,72,120,cvff
s3e_,c3m_,s3e_,quadratic,62,60,cvff_auto
s4e_,c4m_,s4e_,quadratic,62,91,cvff_auto
sc4,oc23,sc4,quadratic,100,149,cvff
si,al,si,quadratic,5,109.47,cvff
si,c,si,quadratic,42.200000000000003,122.5,cvff
si,o,si,quadratic,31.100000000000001,149.80000000000001,cvff
si,o_,si_,quadratic,31.100000000000001,149.80000000000001,cvff_auto
si,si,si,quadratic,5,109.47,cvff
sy1,oy1,sy2,quadratic,170,128.80000000000001,cvff
sy1,oy2,sy2,quadratic,170,139.90000000000001,cvff
sy1,oy3,sy2,quadratic,170,128.19999999999999,cvff
sz,az,sz,quadratic,5,109.47,cvff
sz,f,sz,quadratic,42.299999999999997,113.09999999999999,cvff
sz,oz,sz,quadratic,31.100000000000001,149.80000000000001,cvff
sz,sz,sz,quadratic,5,109.47,cvff
