t1,t2,delta_ij,delta_ji
no,o-,0.16839999999999999,-0.16839999999999999
no,cp,-0.1792,0.1792
c',cp,-0.1792,0.1792
c,cr,0,0
c,ci,0,0
c,n1,0.10000000000000001,-0.10000000000000001
c,s1,-0.10000000000000001,0.10000000000000001
c',o-,0.070000000000000007,-0.56999999999999995
ci,h,-0.23000000000000001,0.23000000000000001
ci,ci,0,0
ci,ni,0.32000000000000001,-0.070000000000000007
cr,n,0.38,-0.38
cr,n1,0.5,0
cr,n2,0,0
cr,n=,0.40000000000000002,-0.40000000000000002
n,hn,-0.28000000000000003,0.28000000000000003
n,lp,0,0
n1,hn,0,0.5
n1,lp,0,0
n2,hn,-0.28000000000000003,0.28000000000000003
n2,lp,0,0
n3,hn,-0.14000000000000001,0.14000000000000001
n3,lp,0,0
n4,hn,-0.11,0.35999999999999999
n4,lp,0,0
np,hn,-0.28000000000000003,0.28000000000000003
np,lp,0,0
ni,hn,-0.35999999999999999,0.35999999999999999
ni,lp,0,0
o,ho,-0.2233,0.2233
o,lp,0,0
oh,ho,-0.34999999999999998,0.34999999999999998
oh,lp,0,0
o*,h*,-0.40999999999999998,0.40999999999999998
ospc,hspc,-0.40999999999999998,0.40999999999999998
otip,htip,-0.41699999999999998,0.41699999999999998
o*,lp,0,0
o-,p,-0.84999999999999998,0.34999999999999998
s-,p,-0.68240000000000001,0.18240000000000001
oz,sz,-0.14999999999999999,0.14999999999999999
sh,hs,-0.10000000000000001,0.10000000000000001
sh,lp,0,0
s1,s1,0,0
h,p,0.10000000000000001,-0.10000000000000001
h,sz,0.02,-0.02
d,d,0,0
p,lp,0,0
f,lp,0,0
cl,lp,0,0
br,lp,0,0
c,c,0,0
c,c',0,0
c,cp,0,0
c,c5,0,0
c,cs,0,0
c,c=,0.10000000000000001,-0.10000000000000001
c,c=1,0.10000000000000001,-0.10000000000000001
c,c=2,0.10000000000000001,-0.10000000000000001
c,c-,0.086499999999999994,-0.086499999999999994
c,ct,0.040000000000000001,-0.040000000000000001
c,n3,0.22,-0.22
c,n,0.22,-0.22
c,n2,0,0
c,n=,0.11,-0.11
c,n=1,0.11,-0.11
c,n=2,0.11,-0.11
c,np,0.11,-0.11
c,n4,0.41999999999999998,-0.17000000000000001
c,nt,0.10000000000000001,-0.10000000000000001
c,nz,0.36399999999999999,-0.36399999999999999
c,o,0.14999999999999999,-0.14999999999999999
c,oh,0.029999999999999999,-0.029999999999999999
c,oz,0.17419999999999999,-0.17419999999999999
c,op,0.3957,-0.3957
c,s,-0.050000000000000003,0.050000000000000003
c,sh,-0.10000000000000001,0.10000000000000001
c,sp,0.11799999999999999,-0.11799999999999999
c,s',0.11799999999999999,-0.11799999999999999
c,p,-0.0785,0.0785
c,h,-0.10000000000000001,0.10000000000000001
c,f,0.27500000000000002,-0.27500000000000002
c,cl,0.22600000000000001,-0.22600000000000001
c,br,0.192,-0.192
c,i,0.112,-0.112
c,si,0,0
c',c',0,0
c',c5,0,0
c',cs,0,0
c',c=,0,0
c',c=1,0,0
c',c=2,0,0
c',c-,-0.1368,0.1368
c',ct,-0.092700000000000005,0.092700000000000005
c',n3,-0.044200000000000003,0.044200000000000003
c',n,0,0
c',n2,0,0
c',n=,0.036200000000000003,-0.036200000000000003
c',n=1,0.036200000000000003,-0.036200000000000003
c',n=2,0.036200000000000003,-0.036200000000000003
c',np,0.036200000000000003,-0.036200000000000003
c',n4,0.1331,0.1169
c',nt,0.1641,-0.1641
c',o,0.029999999999999999,-0.029999999999999999
c',oh,0.029999999999999999,-0.029999999999999999
c',oz,-0.0135,0.0135
c',op,0.029999999999999999,-0.029999999999999999
c',o',0.38,-0.38
c',s,-0.15279999999999999,0.15279999999999999
c',sh,-0.20330000000000001,0.20330000000000001
c',sp,-0.1079,0.1079
c',s',0,0
c',p,-0.32829999999999998,0.32829999999999998
c',h,-0.2132,0.2132
c',f,0.1116,-0.1116
c',cl,-0.059400000000000001,0.059400000000000001
c',br,-0.1152,0.1152
c',i,-0.12909999999999999,0.12909999999999999
c',si,-0.4405,0.4405
cp,cp,0,0
cp,c5,0,0
cp,cs,0,0
cp,c=,0,0
cp,c=1,0,0
cp,c=2,0,0
cp,c-,0.0424,-0.0424
cp,ct,0.085199999999999998,-0.085199999999999998
cp,n3,0.1216,-0.1216
cp,n,0.11,-0.11
cp,n2,0.105,-0.105
cp,n=,0.1993,-0.1993
cp,n=1,0.1993,-0.1993
cp,n=2,0.1993,-0.1993
cp,np,0.11,-0.11
cp,n4,0.2989,-0.048899999999999999
cp,nt,0.32300000000000001,-0.32300000000000001
cp,o,0.028199999999999999,-0.028199999999999999
cp,oh,0.029999999999999999,-0.029999999999999999
cp,oz,0.13669999999999999,-0.13669999999999999
cp,op,0.35830000000000001,-0.35830000000000001
cp,o',0.35830000000000001,-0.35830000000000001
cp,s,0.028199999999999999,-0.028199999999999999
cp,sh,-0.022200000000000001,0.022200000000000001
cp,sp,0.073200000000000001,-0.073200000000000001
cp,s',0.073200000000000001,-0.073200000000000001
cp,p,-0.12670000000000001,0.12670000000000001
cp,h,-0.10000000000000001,0.10000000000000001
cp,f,0.13,-0.13
cp,cl,0.10199999999999999,-0.10199999999999999
cp,br,0.080000000000000002,-0.080000000000000002
cp,i,0.064199999999999993,-0.064199999999999993
cp,si,-0.22700000000000001,0.22700000000000001
c5,c5,0,0
c5,cs,0,0
c5,c=,0,0
c5,c=1,0,0
c5,c=2,0,0
c5,c-,0.0424,-0.0424
c5,ct,0.085199999999999998,-0.085199999999999998
c5,n3,0.1216,-0.1216
c5,n,0.11,-0.11
c5,n2,0.1993,-0.1993
c5,n=,0.1993,-0.1993
c5,n=1,0.1993,-0.1993
c5,n=2,0.1993,-0.1993
c5,np,0.14000000000000001,-0.14000000000000001
c5,n4,0.2989,-0.048899999999999999
c5,nt,0.32300000000000001,-0.32300000000000001
c5,o,0.11,-0.11
c5,oh,0.029700000000000001,-0.029700000000000001
c5,oz,0.13669999999999999,-0.13669999999999999
c5,op,0.11,-0.11
c5,o',0.35830000000000001,-0.35830000000000001
c5,s,-0.14999999999999999,0.14999999999999999
c5,sh,-0.022200000000000001,0.022200000000000001
c5,sp,0.073200000000000001,-0.073200000000000001
c5,s',0.073200000000000001,-0.073200000000000001
c5,p,-0.12670000000000001,0.12670000000000001
c5,h,-0.13,0.13
c5,f,0.25890000000000002,-0.25890000000000002
c5,cl,0.1163,-0.1163
c5,br,0.072499999999999995,-0.072499999999999995
c5,i,0.064199999999999993,-0.064199999999999993
c5,si,-0.22700000000000001,0.22700000000000001
cs,cs,0,0
cs,c=,0,0
cs,c=1,0,0
cs,c=2,0,0
cs,c-,0.0424,-0.0424
cs,ct,0.085199999999999998,-0.085199999999999998
cs,n3,0.1216,-0.1216
cs,n,0.1993,-0.1993
cs,n2,0.1993,-0.1993
cs,n=,0.1993,-0.1993
cs,n=1,0.1993,-0.1993
cs,n=2,0.1993,-0.1993
cs,np,0.1993,-0.1993
cs,n4,0.2989,-0.048899999999999999
cs,nt,0.32300000000000001,-0.32300000000000001
cs,o,0.13669999999999999,-0.13669999999999999
cs,oh,0.029700000000000001,-0.029700000000000001
cs,oz,0.13669999999999999,-0.13669999999999999
cs,op,0.35830000000000001,-0.35830000000000001
cs,o',0.35830000000000001,-0.35830000000000001
cs,s,0.028199999999999999,-0.028199999999999999
cs,sh,-0.022200000000000001,0.022200000000000001
cs,sp,-0.14999999999999999,0.14999999999999999
cs,s',0.073200000000000001,-0.073200000000000001
cs,p,-0.12670000000000001,0.12670000000000001
cs,h,-0.13,0.13
cs,f,0.25890000000000002,-0.25890000000000002
cs,cl,0.1163,-0.1163
cs,br,0.072499999999999995,-0.072499999999999995
cs,i,0.064199999999999993,-0.064199999999999993
cs,si,-0.22700000000000001,0.22700000000000001
c=,c=,0,0
c=,c=1,0,0
c=,c=2,0,0
c=,c-,0.0424,-0.0424
c=,ct,0.085199999999999998,-0.085199999999999998
c=,n3,0.1216,-0.1216
c=,n,0.1993,-0.1993
c=,n2,0.1993,-0.1993
c=,n=,0.29999999999999999,-0.29999999999999999
c=,n=1,0.29999999999999999,-0.29999999999999999
c=,n=2,0.29999999999999999,-0.29999999999999999
c=,np,0.1993,-0.1993
c=,n4,0.2989,-0.048899999999999999
c=,nt,0.32300000000000001,-0.32300000000000001
c=,o,0.13669999999999999,-0.13669999999999999
c=,oh,0.029700000000000001,-0.029700000000000001
c=,oz,0.13669999999999999,-0.13669999999999999
c=,op,0.35830000000000001,-0.35830000000000001
c=,o',0.35830000000000001,-0.35830000000000001
c=,s,0.028199999999999999,-0.028199999999999999
c=,sh,-0.022200000000000001,0.022200000000000001
c=,sp,0.073200000000000001,-0.073200000000000001
c=,s',0.073200000000000001,-0.073200000000000001
c=,p,-0.12670000000000001,0.12670000000000001
c=,h,-0.10000000000000001,0.10000000000000001
c=,f,0.25890000000000002,-0.25890000000000002
c=,cl,0.1163,-0.1163
c=,br,0.072499999999999995,-0.072499999999999995
c=,i,0.064199999999999993,-0.064199999999999993
c=,si,-0.22700000000000001,0.22700000000000001
c=1,c=1,0,0
c=1,c=2,0,0
c=1,c-,0.0424,-0.0424
c=1,ct,0.085199999999999998,-0.085199999999999998
c=1,n3,0.1216,-0.1216
c=1,n,0.1993,-0.1993
c=1,n2,0.1993,-0.1993
c=1,n=,0.29999999999999999,-0.29999999999999999
c=1,n=1,0.29999999999999999,-0.29999999999999999
c=1,n=2,0.29999999999999999,-0.29999999999999999
c=1,np,0.1993,-0.1993
c=1,n4,0.2989,-0.048899999999999999
c=1,nt,0.32300000000000001,-0.32300000000000001
c=1,o,0.13669999999999999,-0.13669999999999999
c=1,oh,0.029700000000000001,-0.029700000000000001
c=1,oz,0.13669999999999999,-0.13669999999999999
c=1,op,0.35830000000000001,-0.35830000000000001
c=1,o',0.35830000000000001,-0.35830000000000001
c=1,s,0.028199999999999999,-0.028199999999999999
c=1,sh,-0.022200000000000001,0.022200000000000001
c=1,sp,0.073200000000000001,-0.073200000000000001
c=1,s',0.073200000000000001,-0.073200000000000001
c=1,p,-0.12670000000000001,0.12670000000000001
c=1,h,-0.10000000000000001,0.10000000000000001
c=1,f,0.25890000000000002,-0.25890000000000002
c=1,cl,0.1163,-0.1163
c=1,br,0.072499999999999995,-0.072499999999999995
c=1,i,0.064199999999999993,-0.064199999999999993
c=1,si,-0.22700000000000001,0.22700000000000001
c=2,c=2,0,0
c=2,c-,0.0424,-0.0424
c=2,ct,0.085199999999999998,-0.085199999999999998
c=2,n3,0.1216,-0.1216
c=2,n,0.1993,-0.1993
c=2,n2,0.1993,-0.1993
c=2,n=,0.29999999999999999,-0.29999999999999999
c=2,n=1,0.29999999999999999,-0.29999999999999999
c=2,n=2,0.29999999999999999,-0.29999999999999999
c=2,np,0.1993,-0.1993
c=2,n4,0.2989,-0.048899999999999999
c=2,nt,0.32300000000000001,-0.32300000000000001
c=2,o,0.13669999999999999,-0.13669999999999999
c=2,oh,0.029700000000000001,-0.029700000000000001
c=2,oz,0.13669999999999999,-0.13669999999999999
c=2,op,0.35830000000000001,-0.35830000000000001
c=2,o',0.35830000000000001,-0.35830000000000001
c=2,s,0.028199999999999999,-0.028199999999999999
c=2,sh,-0.022200000000000001,0.022200000000000001
c=2,sp,0.073200000000000001,-0.073200000000000001
c=2,s',0.073200000000000001,-0.073200000000000001
c=2,p,-0.12670000000000001,0.12670000000000001
c=2,h,-0.10000000000000001,0.10000000000000001
c=2,f,0.25890000000000002,-0.25890000000000002
c=2,cl,0.1163,-0.1163
c=2,br,0.072499999999999995,-0.072499999999999995
c=2,i,0.064199999999999993,-0.064199999999999993
c=2,si,-0.22700000000000001,0.22700000000000001
c-,c-,0,0
c-,ct,0.043200000000000002,-0.043200000000000002
c-,n3,0.082400000000000001,-0.082400000000000001
c-,n,0.16070000000000001,-0.16070000000000001
c-,n2,0.16070000000000001,-0.16070000000000001
c-,n=,0.16070000000000001,-0.16070000000000001
c-,n=1,0.16070000000000001,-0.16070000000000001
c-,n=2,0.16070000000000001,-0.16070000000000001
c-,np,0.16070000000000001,-0.16070000000000001
c-,n4,0.25969999999999999,-0.0097000000000000003
c-,nt,0.28539999999999999,-0.28539999999999999
c-,o,0.1012,-0.1012
c-,oh,-0.0057999999999999996,0.0057999999999999996
c-,oz,0.1012,-0.1012
c-,op,0.3241,-0.3241
c-,o',0.3241,-0.3241
c-,s,-0.0146,0.0146
c-,sh,-0.065000000000000002,0.065000000000000002
c-,sp,0.0304,-0.0304
c-,s',0.0304,-0.0304
c-,s-,-0.12230000000000001,-0.37769999999999998
c-,p,-0.1744,0.1744
c-,h,-0.15490000000000001,0.15490000000000001
c-,f,0.22409999999999999,-0.22409999999999999
c-,cl,0.074700000000000003,-0.074700000000000003
c-,br,0.0281,-0.0281
c-,i,0.018499999999999999,-0.018499999999999999
c-,si,-0.27750000000000002,0.27750000000000002
ct,ct,0,0
ct,n3,0.0419,-0.0419
ct,n,0.12039999999999999,-0.12039999999999999
ct,n2,0.12039999999999999,-0.12039999999999999
ct,n=,0.12039999999999999,-0.12039999999999999
ct,n=1,0.12039999999999999,-0.12039999999999999
ct,n=2,0.12039999999999999,-0.12039999999999999
ct,np,0.12039999999999999,-0.12039999999999999
ct,n4,0.21809999999999999,0.031899999999999998
ct,nt,0.24540000000000001,-0.24540000000000001
ct,o,0.064399999999999999,-0.064399999999999999
ct,oh,-0.042000000000000003,0.042000000000000003
ct,oz,0.064399999999999999,-0.064399999999999999
ct,op,0.28739999999999999,-0.28739999999999999
ct,o',0.28739999999999999,-0.28739999999999999
ct,s,-0.058099999999999999,0.058099999999999999
ct,sh,-0.1082,0.1082
ct,sp,-0.0135,0.0135
ct,s',-0.0135,0.0135
ct,p,-0.22159999999999999,0.22159999999999999
ct,h,-0.20000000000000001,0.20000000000000001
ct,f,0.18729999999999999,-0.18729999999999999
ct,cl,0.031899999999999998,-0.031899999999999998
ct,br,-0.017299999999999999,0.017299999999999999
ct,i,-0.0281,0.0281
ct,si,-0.3266,0.3266
n3,n3,0,0
n3,n,0.074200000000000002,-0.074200000000000002
n3,n2,0.074200000000000002,-0.074200000000000002
n3,n=,0.074200000000000002,-0.074200000000000002
n3,n=1,0.074200000000000002,-0.074200000000000002
n3,n=2,0.074200000000000002,-0.074200000000000002
n3,np,0.074200000000000002,-0.074200000000000002
n3,n4,0.16500000000000001,0.085000000000000006
n3,nt,0.19270000000000001,-0.19270000000000001
n3,o,0.024899999999999999,-0.024899999999999999
n3,oh,-0.075399999999999995,0.075399999999999995
n3,oz,0.024899999999999999,-0.024899999999999999
n3,op,0.2369,-0.2369
n3,o',0.2369,-0.2369
n3,s,-0.096699999999999994,0.096699999999999994
n3,sh,-0.1434,0.1434
n3,sp,-0.055100000000000003,0.055100000000000003
n3,s',-0.055100000000000003,0.055100000000000003
n3,p,-0.25180000000000002,0.25180000000000002
n3,h,-0.23860000000000001,0.23860000000000001
n3,f,0.14149999999999999,-0.14149999999999999
n3,cl,-0.0117,0.0117
n3,br,-0.060100000000000001,0.060100000000000001
n3,i,-0.071400000000000005,0.071400000000000005
n3,si,-0.35010000000000002,0.35010000000000002
n,n,0,0
n,n2,0,0
n,n=,0,0
n,n=1,0,0
n,n=2,0,0
n,np,0,0
n,n4,0.088300000000000003,0.16170000000000001
n,nt,0.1186,-0.1186
n,o,-0.043200000000000002,0.043200000000000002
n,oh,-0.1421,0.1421
n,oz,-0.043200000000000002,0.043200000000000002
n,op,0.16839999999999999,-0.16839999999999999
n,o',0.16839999999999999,-0.16839999999999999
n,s,-0.17549999999999999,0.17549999999999999
n,sh,-0.22140000000000001,0.22140000000000001
n,sp,-0.1346,0.1346
n,s',-0.1346,0.1346
n,p,-0.33589999999999998,0.33589999999999998
n,h,-0.32779999999999998,0.32779999999999998
n,f,0.073099999999999998,-0.073099999999999998
n,cl,-0.089700000000000002,0.089700000000000002
n,br,-0.14219999999999999,0.14219999999999999
n,i,-0.15540000000000001,0.15540000000000001
n,si,-0.43669999999999998,0.43669999999999998
n2,n2,0,0
n2,n=,0,0
n2,n=1,0,0
n2,n=2,0,0
n2,np,0,0
n2,n4,0.088300000000000003,0.16170000000000001
n2,nt,0.1186,-0.1186
n2,o,-0.043200000000000002,0.043200000000000002
n2,oh,-0.1421,0.1421
n2,oz,-0.043200000000000002,0.043200000000000002
n2,op,0.16839999999999999,-0.16839999999999999
n2,o',0.16839999999999999,-0.16839999999999999
n2,s,-0.17549999999999999,0.17549999999999999
n2,sh,-0.22140000000000001,0.22140000000000001
n2,sp,-0.1346,0.1346
n2,s',-0.1346,0.1346
n2,p,-0.33589999999999998,0.33589999999999998
n2,h,-0.32779999999999998,0.32779999999999998
n2,f,0.073099999999999998,-0.073099999999999998
n2,cl,-0.089700000000000002,0.089700000000000002
n2,br,-0.14219999999999999,0.14219999999999999
n2,i,-0.15540000000000001,0.15540000000000001
n2,si,-0.43669999999999998,0.43669999999999998
n=,n=,0,0
n=,n=1,0,0
n=,n=2,0,0
n=,np,0,0
n=,n4,0.088300000000000003,0.16170000000000001
n=,nt,0.1186,-0.1186
n=,o,-0.043200000000000002,0.043200000000000002
n=,oh,-0.1421,0.1421
n=,oz,-0.043200000000000002,0.043200000000000002
n=,op,0.16839999999999999,-0.16839999999999999
n=,o',0.16839999999999999,-0.16839999999999999
n=,o-,0.16839999999999999,-0.16839999999999999
n=,s,-0.17549999999999999,0.17549999999999999
n=,sh,-0.22140000000000001,0.22140000000000001
n=,sp,-0.1346,0.1346
n=,s',-0.1346,0.1346
n=,p,-0.33589999999999998,0.33589999999999998
n=,h,-0.32779999999999998,0.32779999999999998
n=,f,0.073099999999999998,-0.073099999999999998
n=,cl,-0.089700000000000002,0.089700000000000002
n=,br,-0.14219999999999999,0.14219999999999999
n=,i,-0.15540000000000001,0.15540000000000001
n=,si,-0.43669999999999998,0.43669999999999998
n=1,n=1,0,0
n=1,n=2,0,0
n=1,np,0,0
n=1,n4,0.088300000000000003,0.16170000000000001
n=1,nt,0.1186,-0.1186
n=1,o,-0.043200000000000002,0.043200000000000002
n=1,oh,-0.1421,0.1421
n=1,oz,-0.043200000000000002,0.043200000000000002
n=1,op,0.16839999999999999,-0.16839999999999999
n=1,o',0.16839999999999999,-0.16839999999999999
n=1,s,-0.17549999999999999,0.17549999999999999
n=1,sh,-0.22140000000000001,0.22140000000000001
n=1,sp,-0.1346,0.1346
n=1,s',-0.1346,0.1346
n=1,p,-0.33589999999999998,0.33589999999999998
n=1,h,-0.32779999999999998,0.32779999999999998
n=1,f,0.073099999999999998,-0.073099999999999998
n=1,cl,-0.089700000000000002,0.089700000000000002
n=1,br,-0.14219999999999999,0.14219999999999999
n=1,i,-0.15540000000000001,0.15540000000000001
n=1,si,-0.43669999999999998,0.43669999999999998
n=2,n=2,0,0
n=2,np,0,0
n=2,n4,0.088300000000000003,0.16170000000000001
n=2,nt,0.1186,-0.1186
n=2,o,-0.043200000000000002,0.043200000000000002
n=2,oh,-0.1421,0.1421
n=2,oz,-0.043200000000000002,0.043200000000000002
n=2,op,0.16839999999999999,-0.16839999999999999
n=2,o',0.16839999999999999,-0.16839999999999999
n=2,s,-0.17549999999999999,0.17549999999999999
n=2,sh,-0.22140000000000001,0.22140000000000001
n=2,sp,-0.1346,0.1346
n=2,s',-0.1346,0.1346
n=2,p,-0.33589999999999998,0.33589999999999998
n=2,h,-0.32779999999999998,0.32779999999999998
n=2,f,0.073099999999999998,-0.073099999999999998
n=2,cl,-0.089700000000000002,0.089700000000000002
n=2,br,-0.14219999999999999,0.14219999999999999
n=2,i,-0.15540000000000001,0.15540000000000001
n=2,si,-0.43669999999999998,0.43669999999999998
np,np,0,0
np,n4,0.088300000000000003,0.16170000000000001
np,nt,0.1186,-0.1186
np,o,-0.043200000000000002,0.043200000000000002
np,oh,-0.1421,0.1421
np,oz,-0.043200000000000002,0.043200000000000002
np,op,0.16839999999999999,-0.16839999999999999
np,o',0.16839999999999999,-0.16839999999999999
np,o-,0.16839999999999999,-0.16839999999999999
np,s,-0.17549999999999999,0.17549999999999999
np,sh,-0.22140000000000001,0.22140000000000001
np,sp,-0.1346,0.1346
np,s',-0.1346,0.1346
np,p,-0.33589999999999998,0.33589999999999998
np,h,-0.32779999999999998,0.32779999999999998
np,f,0.073099999999999998,-0.073099999999999998
np,cl,-0.089700000000000002,0.089700000000000002
np,br,-0.14219999999999999,0.14219999999999999
np,i,-0.15540000000000001,0.15540000000000001
np,si,-0.43669999999999998,0.43669999999999998
n4,n4,0.25,0.25
n4,nt,0.28420000000000001,-0.034200000000000001
n4,o,0.1245,0.1255
n4,oh,0.024199999999999999,0.2258
n4,oz,0.1245,0.1255
n4,op,0.34179999999999999,-0.091800000000000007
n4,o',0.34179999999999999,-0.091800000000000007
n4,s,-0.025700000000000001,0.2757
n4,sh,-0.072300000000000003,0.32229999999999998
n4,sp,0.015900000000000001,0.2341
n4,s',0.015900000000000001,0.2341
n4,p,-0.19939999999999999,0.44940000000000002
n4,h,-0.1978,0.44779999999999998
n4,f,0.24379999999999999,0.0061999999999999998
n4,cl,0.064199999999999993,0.18579999999999999
n4,br,0.0047999999999999996,0.2452
n4,i,-0.0114,0.26140000000000002
n4,si,-0.30830000000000002,0.55830000000000002
nt,nt,0,0
nt,o,-0.15229999999999999,0.15229999999999999
nt,oh,-0.249,0.249
nt,oz,-0.15229999999999999,0.15229999999999999
nt,op,0.058500000000000003,-0.058500000000000003
nt,o',0.058500000000000003,-0.058500000000000003
nt,s,-0.30099999999999999,0.30099999999999999
nt,sh,-0.34570000000000001,0.34570000000000001
nt,sp,-0.26119999999999999,0.26119999999999999
nt,s',-0.26119999999999999,0.26119999999999999
nt,p,-0.46910000000000002,0.46910000000000002
nt,h,-0.46879999999999999,0.46879999999999999
nt,f,-0.036700000000000003,0.036700000000000003
nt,cl,-0.21410000000000001,0.21410000000000001
nt,br,-0.2727,0.2727
nt,i,-0.28889999999999999,0.28889999999999999
nt,si,-0.57379999999999998,0.57379999999999998
o,o,0,0
o,oh,-0.092100000000000001,0.092100000000000001
o,oz,0,0
o,op,0.19620000000000001,-0.19620000000000001
o,s,-0.1143,0.1143
o,sh,-0.1565,0.1565
o,sp,-0.076600000000000001,0.076600000000000001
o,s',-0.076600000000000001,0.076600000000000001
o,p,-0.34999999999999998,0.34999999999999998
o,h,-0.2432,0.2432
o,f,0.1077,-0.1077
o,cl,-0.036700000000000003,0.036700000000000003
o,br,-0.081799999999999998,0.081799999999999998
o,i,-0.092399999999999996,0.092399999999999996
o,si,-0.14999999999999999,0.14999999999999999
oh,oh,0,0
oh,oz,0.092100000000000001,-0.092100000000000001
oh,op,0.2853,-0.2853
oh,s,-0.0063,0.0063
oh,sh,-0.048500000000000001,0.048500000000000001
oh,sp,0.031300000000000001,-0.031300000000000001
oh,s',0.031300000000000001,-0.031300000000000001
oh,p,-0.14999999999999999,0.14999999999999999
oh,h,-0.11899999999999999,0.11899999999999999
oh,f,0.1983,-0.1983
oh,cl,0.068599999999999994,-0.068599999999999994
oh,br,0.029499999999999998,-0.029499999999999998
oh,i,0.021600000000000001,-0.021600000000000001
oh,si,-0.21879999999999999,0.21879999999999999
oh,sz,-0.21879999999999999,0.21879999999999999
oh,az,-0.21879999999999999,0.21879999999999999
oz,oz,0,0
oz,op,0.19620000000000001,-0.19620000000000001
oz,s,-0.1143,0.1143
oz,sh,-0.1565,0.1565
oz,sp,-0.076600000000000001,0.076600000000000001
oz,s',-0.076600000000000001,0.076600000000000001
oz,p,-0.25480000000000003,0.25480000000000003
oz,h,-0.2432,0.2432
oz,ho,-0.10000000000000001,0.10000000000000001
oz,f,0.1077,-0.1077
oz,cl,-0.036700000000000003,0.036700000000000003
oz,br,-0.081799999999999998,0.081799999999999998
oz,i,-0.092399999999999996,0.092399999999999996
oz,si,-0.14999999999999999,0.14999999999999999
oz,sz,-0.14999999999999999,0.14999999999999999
oz,az,-0,0
op,op,0,0
op,s,-0.33860000000000001,0.33860000000000001
op,sh,-0.37909999999999999,0.37909999999999999
op,sp,-0.3024,0.3024
op,s',-0.3024,0.3024
op,p,-0.49330000000000002,0.49330000000000002
op,h,-0.49430000000000002,0.49430000000000002
op,f,-0.088800000000000004,0.088800000000000004
op,cl,-0.25850000000000001,0.25850000000000001
op,br,-0.314,0.314
op,i,-0.32969999999999999,0.32969999999999999
op,si,-0.58830000000000005,0.58830000000000005
o',o',0,0
o',s,-0.33860000000000001,0.33860000000000001
o',sh,-0.37909999999999999,0.37909999999999999
o',sp,-0.3024,0.3024
o',s',-0.3024,0.3024
o',p,-0.84999999999999998,0.34999999999999998
o',h,-0.49430000000000002,0.49430000000000002
o',f,-0.088800000000000004,0.088800000000000004
o',cl,-0.25850000000000001,0.25850000000000001
o',br,-0.314,0.314
o',i,-0.32969999999999999,0.32969999999999999
o',si,-0.58830000000000005,0.58830000000000005
s,s,0,0
s,sh,-0.050900000000000001,0.050900000000000001
s,sp,0.045499999999999999,-0.045499999999999999
s,s',0.045499999999999999,-0.045499999999999999
s,p,-0.16,0.16
s,h,-0.13919999999999999,0.13919999999999999
s,f,0.23799999999999999,-0.23799999999999999
s,cl,0.089800000000000005,-0.089800000000000005
s,br,0.043700000000000003,-0.043700000000000003
s,i,0.034500000000000003,-0.034500000000000003
s,si,-0.26340000000000002,0.26340000000000002
sh,sh,0,0
sh,sp,0.0964,-0.0964
sh,s',0.0964,-0.0964
sh,p,-0.1032,0.1032
sh,h,-0.078700000000000006,0.078700000000000006
sh,f,0.27939999999999998,-0.27939999999999998
sh,cl,0.13919999999999999,-0.13919999999999999
sh,br,0.096600000000000005,-0.096600000000000005
sh,i,0.088900000000000007,-0.088900000000000007
sh,si,-0.20319999999999999,0.20319999999999999
sp,sp,0,0
sp,s',0,0
sp,p,-0.21060000000000001,0.21060000000000001
sp,h,-0.19320000000000001,0.19320000000000001
sp,f,0.2011,-0.2011
sp,cl,0.045699999999999998,-0.045699999999999998
sp,br,-0.0033999999999999998,0.0033999999999999998
sp,i,-0.014,0.014
sp,si,-0.31719999999999998,0.31719999999999998
s',s',0,0
s',p,-0.21060000000000001,0.21060000000000001
s',h,-0.19320000000000001,0.19320000000000001
s',f,0.2011,-0.2011
s',cl,0.045699999999999998,-0.045699999999999998
s',br,-0.0033999999999999998,0.0033999999999999998
s',i,-0.014,0.014
s',si,-0.31719999999999998,0.31719999999999998
p,p,0,0
p,h,0.0356,-0.0356
p,f,0.38690000000000002,-0.38690000000000002
p,cl,0.25440000000000002,-0.25440000000000002
p,br,0.21560000000000001,-0.21560000000000001
p,i,0.21099999999999999,-0.21099999999999999
p,si,-0.1069,0.1069
h,h,0,0
h,f,0.38229999999999997,-0.38229999999999997
h,cl,0.2404,-0.2404
h,br,0.1978,-0.1978
h,i,0.1923,-0.1923
h,si,0.02,-0.02
f,f,0,0
f,cl,-0.15890000000000001,0.15890000000000001
f,br,-0.2099,0.2099
f,i,-0.22339999999999999,0.22339999999999999
f,si,-0.47889999999999999,0.47889999999999999
cl,cl,0,0
cl,br,-0.050700000000000002,0.050700000000000002
cl,i,-0.062300000000000001,0.062300000000000001
cl,si,-0.35980000000000001,0.35980000000000001
br,br,0,0
br,i,-0.010999999999999999,0.010999999999999999
br,si,-0.32719999999999999,0.32719999999999999
i,i,0,0
i,si,-0.32629999999999998,0.32629999999999998
si,si,0,0
oy1,sy1,-1,1
oy1,ay1,-1,1
oy1,hoy,-1,1
oy1,hok,-1,1
oc23,sy1,-1,1
sc1,oc1,-1,1
ac1,oc3,-1,1
ac1,oc4,-1,1
oc4,hoc,-1,1
oc5,hoc,-1,1
sc4,oc23,-1,1
oc23,hoy,-1,1
pap,oap1,-1,1
oap1,hop,-1,1
oap2,hop,-1,1
