t1,t2,t3,t4,style,kphi,n,phi0,source
*,ac1,oc3,*,torsion_1,0,2,0,cvff
*,ac1,oc4,*,torsion_1,0,2,0,cvff
*,ay1,oy4,*,torsion_1,0,2,0,cvff
*,ay1,oy5,*,torsion_1,0,2,0,cvff
*,ay1,oy6,*,torsion_1,0,2,0,cvff
*,ay1,oy7,*,torsion_1,0,2,0,cvff
*,ay1,oy8,*,torsion_1,0,2,0,cvff
*,ay1,oy9,*,torsion_1,0,2,0,cvff
*,ay2,oy4,*,torsion_1,0,2,0,cvff
*,ay2,oy5,*,torsion_1,0,2,0,cvff
*,ay2,oy6,*,torsion_1,0,2,0,cvff
*,ay2,oy7,*,torsion_1,0,2,0,cvff
*,ay2,oy8,*,torsion_1,0,2,0,cvff
*,ay2,oy9,*,torsion_1,0,2,0,cvff
*,ayt1,oc23,*,torsion_1,0,2,0,cvff
*,ayt2,oc23,*,torsion_1,0,2,0,cvff
*,c,c,*,torsion_1,1.4225000000000001,3,0,cvff
*,c,c',*,torsion_1,0,0,0,cvff
*,c,c=,*,torsion_1,1.266,3,0,cvff
*,c,c=1,*,torsion_1,1.266,3,0,cvff
*,c,c=2,*,torsion_1,1.266,3,0,cvff
*,c,cp,*,torsion_1,0,2,0,cvff
*,c,ct,*,torsion_1,0,0,0,cvff
*,c,n,*,torsion_1,0,0,0,cvff
*,c,n2,*,torsion_1,0,0,0,cvff
*,c,n3,*,torsion_1,0.80000000000000004,3,0,cvff
*,c,np,*,torsion_1,0,0,0,cvff
*,c,nt,*,torsion_1,0,0,0,cvff
*,c,o,*,torsion_1,0.39000000000000001,3,0,cvff
*,c,of,*,torsion_1,0.39000000000000001,3,0,cvff
*,c,s,*,torsion_1,0.41999999999999998,3,0,cvff
*,c,sh,*,torsion_1,0.41999999999999998,3,0,cvff
*,c',c=,*,torsion_1,1.8,2,180,cvff
*,c',c=1,*,torsion_1,1.8,2,180,cvff
*,c',c=2,*,torsion_1,1.8,2,180,cvff
*,c',cp,*,torsion_1,10,2,180,cvff
*,c',ct,*,torsion_1,0,0,0,cvff
*,c',n2,*,torsion_1,6,2,180,cvff
*,c',nt,*,torsion_1,0,0,0,cvff
*,c',o,*,torsion_1,4.5,2,180,cvff
*,c'_,c'_,*,torsion_1,0.45000000000000001,2,180,cvff_auto
*,c'_,c=_,*,torsion_1,0.45000000000000001,2,180,cvff_auto
*,c'_,c=_1,*,torsion_1,0.45000000000000001,2,180,cvff_auto
*,c'_,c=_2,*,torsion_1,0.45000000000000001,2,180,cvff_auto
*,c'_,c=_3,*,torsion_1,0.45000000000000001,2,180,cvff_auto
*,c'_,c_,*,torsion_1,0,0,0,cvff_auto
*,c'_,cp_,*,torsion_1,2.5,2,180,cvff_auto
*,c'_,ct_,*,torsion_1,0,0,0,cvff_auto
*,c'_,n3n_,*,torsion_1,0.69999999999999996,2,180,cvff_auto
*,c'_,n=_,*,torsion_1,0.90000000000000002,2,180,cvff_auto
*,c'_,n=_1,*,torsion_1,0.90000000000000002,2,180,cvff_auto
*,c'_,n=_2,*,torsion_1,0.90000000000000002,2,180,cvff_auto
*,c'_,n=_3,*,torsion_1,0.90000000000000002,2,180,cvff_auto
*,c'_,n_,*,torsion_1,3.2000000000000002,2,180,cvff_auto
*,c'_,n_,h_,torsion_1,1.2,2,180,cvff_auto
*,c'_,np_,*,torsion_1,5,2,180,cvff_auto
*,c'_,np_,h,torsion_1,1,2,180,cvff_auto
*,c'_,o_,*,torsion_1,2.25,2,180,cvff_auto
*,c'_,op_,*,torsion_1,2.25,2,180,cvff_auto
*,c'_,s_,*,torsion_1,1.5,2,180,cvff_auto
*,c'_,si_,*,torsion_1,0,0,0,cvff_auto
*,c'_,sp_,*,torsion_1,1.5,2,180,cvff_auto
*,c+_,n_,*,torsion_1,3.3999999999999999,2,180,cvff_auto
*,c=,c=,*,torsion_1,16.300000000000001,2,180,cvff
*,c=,c=1,*,torsion_1,16.300000000000001,2,180,cvff
*,c=,c=2,*,torsion_1,16.300000000000001,2,180,cvff
*,c=,np,*,torsion_1,4,2,180,cvff
*,c=1,c=1,*,torsion_1,16.300000000000001,2,180,cvff
*,c=1,c=2,*,torsion_1,16.300000000000001,2,180,cvff
*,c=1,np,*,torsion_1,4,2,180,cvff
*,c=2,c=2,*,torsion_1,16.300000000000001,2,180,cvff
*,c=2,np,*,torsion_1,4,2,180,cvff
*,c=_,c=_,*,torsion_1,4.0750000000000002,2,180,cvff_auto
*,c=_,c_,*,torsion_1,0.21099999999999999,3,0,cvff_auto
*,c=_,cp_,*,torsion_1,0.5,2,180,cvff_auto
*,c=_,ct_,*,torsion_1,0,0,0,cvff_auto
*,c=_,n3n_,*,torsion_1,0.5,2,180,cvff_auto
*,c=_,n=_,*,torsion_1,8.1500000000000004,2,180,cvff_auto
*,c=_,n_,*,torsion_1,1.25,2,180,cvff_auto
*,c=_,na_,*,torsion_1,0,0,0,cvff_auto
*,c=_,np_,*,torsion_1,1.5,2,180,cvff_auto
*,c=_,np_,h_,torsion_1,0.75,2,180,cvff_auto
*,c=_,o_,*,torsion_1,0.90000000000000002,2,180,cvff_auto
*,c=_,op_,*,torsion_1,4,2,180,cvff_auto
*,c=_,p_,*,torsion_1,1.25,2,180,cvff_auto
*,c=_,s_,*,torsion_1,1.5,2,180,cvff_auto
*,c=_,si_,*,torsion_1,0.21099999999999999,3,0,cvff_auto
*,c=_,sp_,*,torsion_1,6,2,180,cvff_auto
*,c=_1,c=_1,*,torsion_1,0.625,2,180,cvff_auto
*,c=_1,c=_2,*,torsion_1,0.625,2,180,cvff_auto
*,c=_1,c=_3,*,torsion_1,4.0750000000000002,2,180,cvff_auto
*,c=_1,c_,*,torsion_1,0.21099999999999999,3,0,cvff_auto
*,c=_1,cp_,*,torsion_1,0.5,2,180,cvff_auto
*,c=_1,ct_,*,torsion_1,0,0,0,cvff_auto
*,c=_1,n3n_,*,torsion_1,0.69999999999999996,2,180,cvff_auto
*,c=_1,n=_1,*,torsion_1,0.625,2,180,cvff_auto
*,c=_1,n=_2,*,torsion_1,0.625,2,180,cvff_auto
*,c=_1,n=_3,*,torsion_1,8.1500000000000004,2,180,cvff_auto
*,c=_1,n_,*,torsion_1,1.25,2,180,cvff_auto
*,c=_1,na_,*,torsion_1,0,0,0,cvff_auto
*,c=_1,np_,*,torsion_1,1.5,2,180,cvff_auto
*,c=_1,np_,h_,torsion_1,0.75,2,180,cvff_auto
*,c=_1,o_,*,torsion_1,0.90000000000000002,2,180,cvff_auto
*,c=_1,op_,*,torsion_1,4,2,180,cvff_auto
*,c=_1,p_,*,torsion_1,1.25,2,180,cvff_auto
*,c=_1,s_,*,torsion_1,1.5,2,180,cvff_auto
*,c=_1,si_,*,torsion_1,0.21099999999999999,3,0,cvff_auto
*,c=_1,sp_,*,torsion_1,6,2,180,cvff_auto
*,c=_2,c=_2,*,torsion_1,3,2,180,cvff_auto
*,c=_2,c=_3,*,torsion_1,0.625,2,180,cvff_auto
*,c=_2,c_,*,torsion_1,0.21099999999999999,3,0,cvff_auto
*,c=_2,cp_,*,torsion_1,0.5,2,180,cvff_auto
*,c=_2,ct_,*,torsion_1,0,0,0,cvff_auto
*,c=_2,n3n_,*,torsion_1,0.69999999999999996,2,180,cvff_auto
*,c=_2,n=_1,*,torsion_1,0.625,2,180,cvff_auto
*,c=_2,n=_2,*,torsion_1,2.5,2,180,cvff_auto
*,c=_2,n=_3,*,torsion_1,0.625,2,180,cvff_auto
*,c=_2,n_,*,torsion_1,1.25,2,180,cvff_auto
*,c=_2,na_,*,torsion_1,0,0,0,cvff_auto
*,c=_2,np_,*,torsion_1,1.5,2,180,cvff_auto
*,c=_2,np_,h_,torsion_1,0.75,2,180,cvff_auto
*,c=_2,o_,*,torsion_1,0.90000000000000002,2,180,cvff_auto
*,c=_2,op_,*,torsion_1,4,2,180,cvff_auto
*,c=_2,p_,*,torsion_1,1.25,2,180,cvff_auto
*,c=_2,s_,*,torsion_1,1.5,2,180,cvff_auto
*,c=_2,si_,*,torsion_1,0.21099999999999999,3,0,cvff_auto
*,c=_2,sp_,*,torsion_1,6,2,180,cvff_auto
*,c=_3,c=_3,*,torsion_1,4.0750000000000002,2,180,cvff_auto
*,c=_3,c_,*,torsion_1,0.21099999999999999,3,0,cvff_auto
*,c=_3,cp_,*,torsion_1,0.5,2,180,cvff_auto
*,c=_3,ct_,*,torsion_1,0,0,0,cvff_auto
*,c=_3,n3n_,*,torsion_1,0.69999999999999996,2,180,cvff_auto
*,c=_3,n=_1,*,torsion_1,8.1500000000000004,2,180,cvff_auto
*,c=_3,n=_2,*,torsion_1,0.625,2,180,cvff_auto
*,c=_3,n=_3,*,torsion_1,8.1500000000000004,2,180,cvff_auto
*,c=_3,n_,*,torsion_1,1.25,2,180,cvff_auto
*,c=_3,na_,*,torsion_1,0,0,0,cvff_auto
*,c=_3,np_,*,torsion_1,1.5,2,180,cvff_auto
*,c=_3,np_,h_,torsion_1,0.75,2,180,cvff_auto
*,c=_3,o_,*,torsion_1,0.90000000000000002,2,180,cvff_auto
*,c=_3,op_,*,torsion_1,4,2,180,cvff_auto
*,c=_3,p_,*,torsion_1,1.25,2,180,cvff_auto
*,c=_3,s_,*,torsion_1,1.5,2,180,cvff_auto
*,c=_3,si_,*,torsion_1,0.21099999999999999,3,0,cvff_auto
*,c=_3,sp_,*,torsion_1,6,2,180,cvff_auto
*,c_,c_,*,torsion_1,0.158,3,0,cvff_auto
*,c_,cp_,*,torsion_1,0,0,0,cvff_auto
*,c_,ct_,*,torsion_1,0,0,0,cvff_auto
*,c_,n3n_,*,torsion_1,0.050000000000000003,3,0,cvff_auto
*,c_,n=_,*,torsion_1,0,0,0,cvff_auto
*,c_,n=_1,*,torsion_1,0,0,0,cvff_auto
*,c_,n=_2,*,torsion_1,0,0,0,cvff_auto
*,c_,n=_3,*,torsion_1,0,0,0,cvff_auto
*,c_,n_,*,torsion_1,0,0,0,cvff_auto
*,c_,na_,*,torsion_1,0.050000000000000003,3,0,cvff_auto
*,c_,np_,*,torsion_1,0,0,0,cvff_auto
*,c_,o_,*,torsion_1,0.13,3,0,cvff_auto
*,c_,p_,*,torsion_1,0,0,0,cvff_auto
*,c_,s_,*,torsion_1,0.13669999999999999,3,0,cvff_auto
*,c_,si_,*,torsion_1,0.1111,3,0,cvff_auto
*,ce1,ce1,*,torsion_1,1,3,0,cvff
*,ce1,oe1,*,torsion_1,0.39000000000000001,3,0,cvff
*,ce1,oet5,*,torsion_1,0.39000000000000001,3,0,cvff
*,ce1,oet5,et5,torsion_1,0,0,0,cvff
*,cp,cp,*,torsion_1,12,2,180,cvff
*,cp,cs,*,torsion_1,6,2,180,cvff
*,cp,ct,*,torsion_1,0,0,0,cvff
*,cp,n,*,torsion_1,10,2,180,cvff
*,cp,n2,*,torsion_1,10,2,180,cvff
*,cp,no,*,torsion_1,10,2,180,cvff
*,cp,np,*,torsion_1,4,2,180,cvff
*,cp,nt,*,torsion_1,0,0,0,cvff
*,cp,o,*,torsion_1,1.5,2,180,cvff
*,cp,of,*,torsion_1,3.5,2,180,cvff
*,cp_,cp_,*,torsion_1,3,2,180,cvff_auto
*,cp_,ct_,*,torsion_1,0,0,0,cvff_auto
*,cp_,n3n_,*,torsion_1,0.5,2,180,cvff_auto
*,cp_,n=_,*,torsion_1,1.25,2,180,cvff_auto
*,cp_,n=_1,*,torsion_1,1.25,2,180,cvff_auto
*,cp_,n=_2,*,torsion_1,1.25,2,180,cvff_auto
*,cp_,n=_3,*,torsion_1,1.25,2,180,cvff_auto
*,cp_,n_,*,torsion_1,2.25,2,180,cvff_auto
*,cp_,na_,*,torsion_1,2.25,2,180,cvff_auto
*,cp_,np_,*,torsion_1,2,2,180,cvff_auto
*,cp_,np_,h_,torsion_1,1,2,180,cvff_auto
*,cp_,o_,*,torsion_1,1.8,2,180,cvff_auto
*,cp_,o_,h_,torsion_1,0.75,2,180,cvff_auto
*,cp_,op_,*,torsion_1,6,2,180,cvff_auto
*,cp_,p_,*,torsion_1,0.25,3,0,cvff_auto
*,cp_,s_,*,torsion_1,1.5,2,180,cvff_auto
*,cp_,si_,*,torsion_1,0.16669999999999999,3,0,cvff_auto
*,cp_,sp_,*,torsion_1,6,2,180,cvff_auto
*,cr,n,*,torsion_1,13.6,2,180,cvff
*,cr,n2,*,torsion_1,13.6,2,180,cvff
*,ct,ct,*,torsion_1,0,0,0,cvff
*,ct,n,*,torsion_1,0,0,0,cvff
*,ct,nt,*,torsion_1,0,0,0,cvff
*,ct,o,*,torsion_1,0,0,0,cvff
*,ct,s,*,torsion_1,0,0,0,cvff
*,ct_,ct_,*,torsion_1,0,0,0,cvff_auto
*,ct_,n3n_,*,torsion_1,0,0,0,cvff_auto
*,ct_,n_,*,torsion_1,0,0,0,cvff_auto
*,ct_,na_,*,torsion_1,0,0,0,cvff_auto
*,ct_,np_,*,torsion_1,0,0,0,cvff_auto
*,ct_,o_,*,torsion_1,0,0,0,cvff_auto
*,ct_,s_,*,torsion_1,0,0,0,cvff_auto
*,ct_,si_,*,torsion_1,0,0,0,cvff_auto
*,f,sz,*,torsion_1,1,3,0,cvff
*,n,nt,*,torsion_1,0,0,0,cvff
*,n3n_,n3n_,*,torsion_1,0.050000000000000003,2,180,cvff_auto
*,n3n_,n=_,*,torsion_1,0.050000000000000003,2,180,cvff_auto
*,n3n_,n=_1,*,torsion_1,0.050000000000000003,2,180,cvff_auto
*,n3n_,n=_2,*,torsion_1,0.050000000000000003,2,180,cvff_auto
*,n3n_,n=_3,*,torsion_1,0.050000000000000003,2,180,cvff_auto
*,n3n_,n_,*,torsion_1,0.050000000000000003,2,180,cvff_auto
*,n3n_,na_,*,torsion_1,0,0,0,cvff_auto
*,n3n_,np_,*,torsion_1,0.050000000000000003,2,180,cvff_auto
*,n3n_,o_,*,torsion_1,0.29999999999999999,3,0,cvff_auto
*,n3n_,s_,*,torsion_1,0.29999999999999999,2,0,cvff_auto
*,n3n_,si_,*,torsion_1,0.050000000000000003,3,0,cvff_auto
*,n=_,n=_,*,torsion_1,15,2,180,cvff_auto
*,n=_,n_,*,torsion_1,0.75,2,180,cvff_auto
*,n=_,na_,*,torsion_1,0,0,0,cvff_auto
*,n=_,np_,*,torsion_1,1.5,2,180,cvff_auto
*,n=_,np_,h_,torsion_1,0.75,2,180,cvff_auto
*,n=_,o_,*,torsion_1,0.69999999999999996,2,180,cvff_auto
*,n=_,s_,*,torsion_1,0.69999999999999996,2,180,cvff_auto
*,n=_,si_,*,torsion_1,0.23330000000000001,2,180,cvff_auto
*,n=_1,n=_1,*,torsion_1,1.5,2,180,cvff_auto
*,n=_1,n=_2,*,torsion_1,1.5,2,180,cvff_auto
*,n=_1,n=_3,*,torsion_1,15,2,180,cvff_auto
*,n=_1,n_,*,torsion_1,0.75,2,180,cvff_auto
*,n=_1,na_,*,torsion_1,0,0,0,cvff_auto
*,n=_1,np_,*,torsion_1,1.5,2,180,cvff_auto
*,n=_1,np_,h_,torsion_1,0.75,2,180,cvff_auto
*,n=_1,o_,*,torsion_1,0.69999999999999996,2,180,cvff_auto
*,n=_1,s_,*,torsion_1,0.69999999999999996,2,180,cvff_auto
*,n=_1,si_,*,torsion_1,0.23330000000000001,2,180,cvff_auto
*,n=_2,n=_2,*,torsion_1,7.5,2,180,cvff_auto
*,n=_2,n=_3,*,torsion_1,1.5,2,180,cvff_auto
*,n=_2,n_,*,torsion_1,0.75,2,180,cvff_auto
*,n=_2,na_,*,torsion_1,0,0,0,cvff_auto
*,n=_2,np_,*,torsion_1,1.5,2,180,cvff_auto
*,n=_2,np_,h_,torsion_1,0.75,2,180,cvff_auto
*,n=_2,o_,*,torsion_1,0.69999999999999996,2,180,cvff_auto
*,n=_2,s_,*,torsion_1,0.69999999999999996,2,180,cvff_auto
*,n=_2,si_,*,torsion_1,0.23330000000000001,2,180,cvff_auto
*,n=_3,n=_3,*,torsion_1,15,2,180,cvff_auto
*,n=_3,n_,*,torsion_1,0.75,2,180,cvff_auto
*,n=_3,na_,*,torsion_1,0,0,0,cvff_auto
*,n=_3,np_,*,torsion_1,1.5,2,180,cvff_auto
*,n=_3,np_,h_,torsion_1,0.75,2,180,cvff_auto
*,n=_3,o_,*,torsion_1,0.69999999999999996,2,180,cvff_auto
*,n=_3,s_,*,torsion_1,0.69999999999999996,2,180,cvff_auto
*,n=_3,si_,*,torsion_1,0.23330000000000001,2,180,cvff_auto
*,n_,n_,*,torsion_1,0.375,2,180,cvff_auto
*,n_,na_,*,torsion_1,0,0,0,cvff_auto
*,n_,np_,*,torsion_1,0.75,2,180,cvff_auto
*,n_,np_,h_,torsion_1,0.375,2,180,cvff_auto
*,n_,o_,*,torsion_1,0.5,2,180,cvff_auto
*,n_,s_,*,torsion_1,0.5,2,180,cvff_auto
*,n_,si_,*,torsion_1,0,0,0,cvff_auto
*,na_,na_,*,torsion_1,0.25,3,0,cvff_auto
*,na_,np_,*,torsion_1,0,0,0,cvff_auto
*,na_,o_,*,torsion_1,0.097500000000000003,3,0,cvff_auto
*,na_,s_,*,torsion_1,0.097500000000000003,3,0,cvff_auto
*,na_,si_,*,torsion_1,0.066699999999999995,3,0,cvff_auto
*,np_,np_,*,torsion_1,11,2,180,cvff_auto
*,np_,np_,h_,torsion_1,5.5,2,180,cvff_auto
*,np_,o_,*,torsion_1,1,2,180,cvff_auto
*,np_,op_,*,torsion_1,11,2,180,cvff_auto
*,np_,s_,*,torsion_1,1,2,180,cvff_auto
*,np_,si_,*,torsion_1,0.25,2,180,cvff_auto
*,np_,sp_,*,torsion_1,10,2,180,cvff_auto
*,nt,o,*,torsion_1,0,0,0,cvff
*,nt,s,*,torsion_1,0,0,0,cvff
*,o,p,*,torsion_1,0.75,3,0,cvff
*,o_,np_,h_,torsion_1,0.5,2,180,cvff_auto
*,o_,o_,*,torsion_1,5,3,0,cvff_auto
*,o_,p_,*,torsion_1,0.375,3,0,cvff_auto
*,o_,s_,*,torsion_1,5,3,0,cvff_auto
*,o_,si_,*,torsion_1,0.33329999999999999,3,0,cvff_auto
*,oap1,pap,*,torsion_1,0,2,0,cvff
*,oc23,sc4,*,torsion_1,0,2,0,cvff
*,oc23,sy1,*,torsion_1,0,2,0,cvff
*,oc23,sy2,*,torsion_1,0,2,0,cvff
*,op_,np_,h_,torsion_1,5.5,2,180,cvff_auto
*,oy1,sy1,*,torsion_1,0,3,0,cvff
*,oy1,sy2,*,torsion_1,0,3,0,cvff
*,oy2,sy1,*,torsion_1,0,3,0,cvff
*,oy2,sy2,*,torsion_1,0,3,0,cvff
*,oy3,sy1,*,torsion_1,0,3,0,cvff
*,oy3,sy2,*,torsion_1,0,3,0,cvff
*,oy4,sy1,*,torsion_1,0,3,0,cvff
*,oy5,sy2,*,torsion_1,0,3,0,cvff
*,oy7,sy1,*,torsion_1,0,3,0,cvff
*,oy8,sy2,*,torsion_1,0,3,0,cvff
*,oz,sz,*,torsion_1,1,3,0,cvff
*,p_,s_,*,torsion_1,0.375,3,0,cvff_auto
*,p_,si_,*,torsion_1,0,3,0,cvff_auto
*,s,s,*,torsion_1,5.5,2,0,cvff
*,s_,np_,h_,torsion_1,0.5,2,180,cvff_auto
*,s_,s_,*,torsion_1,5.5,2,0,cvff_auto
*,s_,si_,*,torsion_1,0.23330000000000001,3,0,cvff_auto
*,si_,np_,h_,torsion_1,0.125,2,180,cvff_auto
*,si_,si_,*,torsion_1,0.16669999999999999,3,0,cvff_auto
*,sp_,np_,h_,torsion_1,5.5,2,180,cvff_auto
*,sz,sz,*,torsion_1,1,3,0,cvff
c,c',n,c,torsion_1,3.2000000000000002,2,180,cvff
c,c',n,hn,torsion_1,1.2,2,180,cvff
c,n,c',h,torsion_1,3.2000000000000002,2,180,cvff
c,n,c',o',torsion_1,3.7999999999999998,2,180,cvff
c,o,cp,cp,torsion_1,1.8,2,180,cvff
c,o,si,h,torsion_1,-0.10000000000000001,3,0,cvff
c,o,si,o,torsion_1,0.10000000000000001,3,0,cvff
c,si,c,h,torsion_1,0.40000000000000002,3,0,cvff
c,si,c,si,torsion_1,-1.7,3,0,cvff
c,si,o,si,torsion_1,0.40000000000000002,3,0,cvff
cp,c,cp,cp,torsion_1,0.67500000000000004,4,0,cvff
cp,cp,cs,sp,torsion_1,6.4516999999999998,2,180,cvff
cp,cs,sp,cs,torsion_1,12,2,180,cvff
cs,sp,cs,h,torsion_1,3.9316,2,180,cvff
h,c,o,si,torsion_1,0.69999999999999996,3,0,cvff
h,c,si,h,torsion_1,0.28000000000000003,3,0,cvff
h,c,si,o,torsion_1,-0.10000000000000001,3,0,cvff
h,cp,cs,sp,torsion_1,2,2,180,cvff
h,si,c,si,torsion_1,1,3,0,cvff
h,si,o,si,torsion_1,1,3,0,cvff
h,sz,oz,sz,torsion_1,1,3,0,cvff
hn,n,c',o',torsion_1,1.8,2,180,cvff
o,si,o,si,torsion_1,0.29999999999999999,3,0,cvff
oe1,ce1,ce1,oe1,torsion_1,-2.5499999999999998,1,0,cvff
oet5,ce1,ce1,oet5,torsion_1,-1.72,1,0,cvff
oz,sz,oz,sz,torsion_1,0.29999999999999999,3,0,cvff
